date,state,daily
2021-01-03,Johor,2146
2021-01-03,Kedah,1068
2021-01-03,Kelantan,1798
2021-01-03,Melaka,157
2021-01-03,Negeri Sembilan,586
2021-01-03,Pahang,1210
2021-01-03,Perak,1890
2021-01-03,Perlis,356
2021-01-03,Pulau Pinang,450
2021-01-03,Sabah,127
2021-01-03,Sarawak,1734
2021-01-03,Selangor,610
2021-01-03,Terengganu,1
2021-01-03,W.P. Kuala Lumpur,2352
2021-01-03,W.P. Labuan,450
2021-01-03,W.P. Putrajaya,441
2021-01-04,Johor,4331
2021-01-04,Kedah,2884
2021-01-04,Kelantan,829
2021-01-04,Melaka,1686
2021-01-04,Negeri Sembilan,1446
2021-01-04,Pahang,2062
2021-01-04,Perak,4678
2021-01-04,Perlis,1153
2021-01-04,Pulau Pinang,2933
2021-01-04,Sabah,2279
2021-01-04,Sarawak,4409
2021-01-04,Selangor,6818
2021-01-04,Terengganu,846
2021-01-04,W.P. Kuala Lumpur,5088
2021-01-04,W.P. Labuan,109
2021-01-04,W.P. Putrajaya,748
2021-01-05,Johor,5
2021-01-05,Kedah,510
2021-01-05,Kelantan,0
2021-01-05,Melaka,0
2021-01-05,Negeri Sembilan,6
2021-01-05,Pahang,421
2021-01-05,Perak,0
2021-01-05,Perlis,0
2021-01-05,Pulau Pinang,69
2021-01-05,Sabah,1537
2021-01-05,Sarawak,2794
2021-01-05,Selangor,0
2021-01-05,Terengganu,0
2021-01-05,W.P. Kuala Lumpur,36
2021-01-05,W.P. Labuan,0
2021-01-05,W.P. Putrajaya,0
2021-01-06,Johor,9977
2021-01-06,Kedah,9189
2021-01-06,Kelantan,9271
2021-01-06,Melaka,2864
2021-01-06,Negeri Sembilan,4451
2021-01-06,Pahang,4856
2021-01-06,Perak,8219
2021-01-06,Perlis,2019
2021-01-06,Pulau Pinang,4683
2021-01-06,Sabah,2447
2021-01-06,Sarawak,409
2021-01-06,Selangor,16168
2021-01-06,Terengganu,5209
2021-01-06,W.P. Kuala Lumpur,17995
2021-01-06,W.P. Labuan,391
2021-01-06,W.P. Putrajaya,1533
2021-01-07,Johor,19401
2021-01-07,Kedah,9774
2021-01-07,Kelantan,9650
2021-01-07,Melaka,7763
2021-01-07,Negeri Sembilan,10990
2021-01-07,Pahang,8081
2021-01-07,Perak,15964
2021-01-07,Perlis,2141
2021-01-07,Pulau Pinang,14254
2021-01-07,Sabah,10753
2021-01-07,Sarawak,50974
2021-01-07,Selangor,55094
2021-01-07,Terengganu,5190
2021-01-07,W.P. Kuala Lumpur,45530
2021-01-07,W.P. Labuan,2069
2021-01-07,W.P. Putrajaya,1738
2021-01-08,Johor,44954
2021-01-08,Kedah,23713
2021-01-08,Kelantan,25892
2021-01-08,Melaka,2591
2021-01-08,Negeri Sembilan,23164
2021-01-08,Pahang,12962
2021-01-08,Perak,24978
2021-01-08,Perlis,2173
2021-01-08,Pulau Pinang,21430
2021-01-08,Sabah,31541
2021-01-08,Sarawak,30473
2021-01-08,Selangor,154482
2021-01-08,Terengganu,14233
2021-01-08,W.P. Kuala Lumpur,73478
2021-01-08,W.P. Labuan,695
2021-01-08,W.P. Putrajaya,4884
2021-01-09,Johor,61003
2021-01-09,Kedah,34291
2021-01-09,Kelantan,37709
2021-01-09,Melaka,17681
2021-01-09,Negeri Sembilan,13631
2021-01-09,Pahang,27976
2021-01-09,Perak,40898
2021-01-09,Perlis,4559
2021-01-09,Pulau Pinang,27051
2021-01-09,Sabah,44945
2021-01-09,Sarawak,3176
2021-01-09,Selangor,41559
2021-01-09,Terengganu,22097
2021-01-09,W.P. Kuala Lumpur,31716
2021-01-09,W.P. Labuan,359
2021-01-09,W.P. Putrajaya,489
2021-02-03,Johor,1487
2021-02-03,Kedah,1192
2021-02-03,Kelantan,2868
2021-02-03,Melaka,1085
2021-02-03,Negeri Sembilan,1327
2021-02-03,Pahang,2108
2021-02-03,Perak,2547
2021-02-03,Perlis,537
2021-02-03,Pulau Pinang,1043
2021-02-03,Sabah,370
2021-02-03,Sarawak,632
2021-02-03,Selangor,1206
2021-02-03,Terengganu,2051
2021-02-03,W.P. Kuala Lumpur,2341
2021-02-03,W.P. Labuan,390
2021-02-03,W.P. Putrajaya,484
2021-02-04,Johor,1192
2021-02-04,Kedah,615
2021-02-04,Kelantan,84
2021-02-04,Melaka,1395
2021-02-04,Negeri Sembilan,1590
2021-02-04,Pahang,2559
2021-02-04,Perak,6256
2021-02-04,Perlis,855
2021-02-04,Pulau Pinang,3151
2021-02-04,Sabah,1462
2021-02-04,Sarawak,2707
2021-02-04,Selangor,4989
2021-02-04,Terengganu,0
2021-02-04,W.P. Kuala Lumpur,3165
2021-02-04,W.P. Labuan,142
2021-02-04,W.P. Putrajaya,278
2021-02-05,Johor,6054
2021-02-05,Kedah,3204
2021-02-05,Kelantan,0
2021-02-05,Melaka,0
2021-02-05,Negeri Sembilan,0
2021-02-05,Pahang,0
2021-02-05,Perak,1376
2021-02-05,Perlis,0
2021-02-05,Pulau Pinang,378
2021-02-05,Sabah,1188
2021-02-05,Sarawak,3508
2021-02-05,Selangor,0
2021-02-05,Terengganu,3
2021-02-05,W.P. Kuala Lumpur,0
2021-02-05,W.P. Labuan,0
2021-02-05,W.P. Putrajaya,0
2021-02-06,Johor,9377
2021-02-06,Kedah,10845
2021-02-06,Kelantan,8674
2021-02-06,Melaka,2979
2021-02-06,Negeri Sembilan,3361
2021-02-06,Pahang,5055
2021-02-06,Perak,7787
2021-02-06,Perlis,2136
2021-02-06,Pulau Pinang,4903
2021-02-06,Sabah,8261
2021-02-06,Sarawak,547
2021-02-06,Selangor,18574
2021-02-06,Terengganu,4637
2021-02-06,W.P. Kuala Lumpur,17059
2021-02-06,W.P. Labuan,796
2021-02-06,W.P. Putrajaya,1679
2021-02-07,Johor,9459
2021-02-07,Kedah,5296
2021-02-07,Kelantan,1042
2021-02-07,Melaka,7856
2021-02-07,Negeri Sembilan,10636
2021-02-07,Pahang,6990
2021-02-07,Perak,19410
2021-02-07,Perlis,1714
2021-02-07,Pulau Pinang,15762
2021-02-07,Sabah,11750
2021-02-07,Sarawak,41717
2021-02-07,Selangor,53648
2021-02-07,Terengganu,1240
2021-02-07,W.P. Kuala Lumpur,50320
2021-02-07,W.P. Labuan,1378
2021-02-07,W.P. Putrajaya,1783
2021-02-08,Johor,50204
2021-02-08,Kedah,28871
2021-02-08,Kelantan,31393
2021-02-08,Melaka,15044
2021-02-08,Negeri Sembilan,22665
2021-02-08,Pahang,23630
2021-02-08,Perak,32000
2021-02-08,Perlis,2872
2021-02-08,Pulau Pinang,25882
2021-02-08,Sabah,40182
2021-02-08,Sarawak,34764
2021-02-08,Selangor,104976
2021-02-08,Terengganu,15218
2021-02-08,W.P. Kuala Lumpur,50871
2021-02-08,W.P. Labuan,659
2021-02-08,W.P. Putrajaya,4205
2021-02-09,Johor,57277
2021-02-09,Kedah,33944
2021-02-09,Kelantan,34443
2021-02-09,Melaka,18723
2021-02-09,Negeri Sembilan,12817
2021-02-09,Pahang,25201
2021-02-09,Perak,40288
2021-02-09,Perlis,3532
2021-02-09,Pulau Pinang,24994
2021-02-09,Sabah,40910
2021-02-09,Sarawak,2622
2021-02-09,Selangor,38024
2021-02-09,Terengganu,23101
2021-02-09,W.P. Kuala Lumpur,23505
2021-02-09,W.P. Labuan,265
2021-02-09,W.P. Putrajaya,616
2021-02-24,Johor,0
2021-02-24,Kedah,0
2021-02-24,Kelantan,0
2021-02-24,Melaka,0
2021-02-24,Negeri Sembilan,0
2021-02-24,Pahang,0
2021-02-24,Perak,0
2021-02-24,Perlis,0
2021-02-24,Pulau Pinang,0
2021-02-24,Sabah,0
2021-02-24,Sarawak,1
2021-02-24,Selangor,0
2021-02-24,Terengganu,0
2021-02-24,W.P. Kuala Lumpur,41
2021-02-24,W.P. Labuan,0
2021-02-24,W.P. Putrajaya,18
2021-02-25,Johor,79
2021-02-25,Kedah,0
2021-02-25,Kelantan,0
2021-02-25,Melaka,0
2021-02-25,Negeri Sembilan,0
2021-02-25,Pahang,122
2021-02-25,Perak,297
2021-02-25,Perlis,0
2021-02-25,Pulau Pinang,0
2021-02-25,Sabah,1
2021-02-25,Sarawak,2
2021-02-25,Selangor,43
2021-02-25,Terengganu,0
2021-02-25,W.P. Kuala Lumpur,545
2021-02-25,W.P. Labuan,2
2021-02-25,W.P. Putrajaya,55
2021-02-26,Johor,0
2021-02-26,Kedah,6
2021-02-26,Kelantan,0
2021-02-26,Melaka,259
2021-02-26,Negeri Sembilan,0
2021-02-26,Pahang,773
2021-02-26,Perak,579
2021-02-26,Perlis,165
2021-02-26,Pulau Pinang,322
2021-02-26,Sabah,12
2021-02-26,Sarawak,1360
2021-02-26,Selangor,285
2021-02-26,Terengganu,11
2021-02-26,W.P. Kuala Lumpur,325
2021-02-26,W.P. Labuan,0
2021-02-26,W.P. Putrajaya,19
2021-02-27,Johor,2
2021-02-27,Kedah,38
2021-02-27,Kelantan,0
2021-02-27,Melaka,16
2021-02-27,Negeri Sembilan,1
2021-02-27,Pahang,1766
2021-02-27,Perak,244
2021-02-27,Perlis,3
2021-02-27,Pulau Pinang,6
2021-02-27,Sabah,563
2021-02-27,Sarawak,3639
2021-02-27,Selangor,79
2021-02-27,Terengganu,1
2021-02-27,W.P. Kuala Lumpur,224
2021-02-27,W.P. Labuan,136
2021-02-27,W.P. Putrajaya,6
2021-02-28,Johor,827
2021-02-28,Kedah,786
2021-02-28,Kelantan,162
2021-02-28,Melaka,0
2021-02-28,Negeri Sembilan,0
2021-02-28,Pahang,100
2021-02-28,Perak,134
2021-02-28,Perlis,0
2021-02-28,Pulau Pinang,12
2021-02-28,Sabah,465
2021-02-28,Sarawak,3164
2021-02-28,Selangor,66
2021-02-28,Terengganu,472
2021-02-28,W.P. Kuala Lumpur,150
2021-02-28,W.P. Labuan,363
2021-02-28,W.P. Putrajaya,1
2021-03-03,Johor,2069
2021-03-03,Kedah,1413
2021-03-03,Kelantan,3399
2021-03-03,Melaka,1099
2021-03-03,Negeri Sembilan,1215
2021-03-03,Pahang,1316
2021-03-03,Perak,1988
2021-03-03,Perlis,541
2021-03-03,Pulau Pinang,1105
2021-03-03,Sabah,300
2021-03-03,Sarawak,492
2021-03-03,Selangor,2122
2021-03-03,Terengganu,2274
2021-03-03,W.P. Kuala Lumpur,2580
2021-03-03,W.P. Labuan,297
2021-03-03,W.P. Putrajaya,483
2021-03-04,Johor,1691
2021-03-04,Kedah,447
2021-03-04,Kelantan,0
2021-03-04,Melaka,336
2021-03-04,Negeri Sembilan,21
2021-03-04,Pahang,2858
2021-03-04,Perak,2780
2021-03-04,Perlis,216
2021-03-04,Pulau Pinang,810
2021-03-04,Sabah,2575
2021-03-04,Sarawak,2928
2021-03-04,Selangor,2473
2021-03-04,Terengganu,0
2021-03-04,W.P. Kuala Lumpur,1
2021-03-04,W.P. Labuan,118
2021-03-04,W.P. Putrajaya,0
2021-03-05,Johor,6304
2021-03-05,Kedah,4715
2021-03-05,Kelantan,3592
2021-03-05,Melaka,1530
2021-03-05,Negeri Sembilan,2351
2021-03-05,Pahang,2406
2021-03-05,Perak,3211
2021-03-05,Perlis,559
2021-03-05,Pulau Pinang,2851
2021-03-05,Sabah,1998
2021-03-05,Sarawak,2574
2021-03-05,Selangor,7068
2021-03-05,Terengganu,3805
2021-03-05,W.P. Kuala Lumpur,6294
2021-03-05,W.P. Labuan,474
2021-03-05,W.P. Putrajaya,1399
2021-03-06,Johor,7765
2021-03-06,Kedah,10891
2021-03-06,Kelantan,9389
2021-03-06,Melaka,3736
2021-03-06,Negeri Sembilan,3589
2021-03-06,Pahang,5997
2021-03-06,Perak,8107
2021-03-06,Perlis,2273
2021-03-06,Pulau Pinang,5420
2021-03-06,Sabah,9855
2021-03-06,Sarawak,11786
2021-03-06,Selangor,18522
2021-03-06,Terengganu,2861
2021-03-06,W.P. Kuala Lumpur,16393
2021-03-06,W.P. Labuan,947
2021-03-06,W.P. Putrajaya,1440
2021-03-07,Johor,12263
2021-03-07,Kedah,6829
2021-03-07,Kelantan,638
2021-03-07,Melaka,7334
2021-03-07,Negeri Sembilan,4304
2021-03-07,Pahang,5494
2021-03-07,Perak,17585
2021-03-07,Perlis,464
2021-03-07,Pulau Pinang,11029
2021-03-07,Sabah,12026
2021-03-07,Sarawak,50203
2021-03-07,Selangor,41728
2021-03-07,Terengganu,8710
2021-03-07,W.P. Kuala Lumpur,42128
2021-03-07,W.P. Labuan,1357
2021-03-07,W.P. Putrajaya,940
2021-03-08,Johor,51472
2021-03-08,Kedah,31181
2021-03-08,Kelantan,32253
2021-03-08,Melaka,16041
2021-03-08,Negeri Sembilan,26063
2021-03-08,Pahang,29064
2021-03-08,Perak,31763
2021-03-08,Perlis,3227
2021-03-08,Pulau Pinang,28941
2021-03-08,Sabah,44098
2021-03-08,Sarawak,28178
2021-03-08,Selangor,108487
2021-03-08,Terengganu,15600
2021-03-08,W.P. Kuala Lumpur,49768
2021-03-08,W.P. Labuan,502
2021-03-08,W.P. Putrajaya,3189
2021-03-09,Johor,69147
2021-03-09,Kedah,17957
2021-03-09,Kelantan,8938
2021-03-09,Melaka,16831
2021-03-09,Negeri Sembilan,11080
2021-03-09,Pahang,23139
2021-03-09,Perak,36301
2021-03-09,Perlis,2631
2021-03-09,Pulau Pinang,21684
2021-03-09,Sabah,40928
2021-03-09,Sarawak,3487
2021-03-09,Selangor,46391
2021-03-09,Terengganu,6649
2021-03-09,W.P. Kuala Lumpur,25967
2021-03-09,W.P. Labuan,231
2021-03-09,W.P. Putrajaya,566
2021-03-13,Johor,1570
2021-03-13,Kedah,568
2021-03-13,Kelantan,0
2021-03-13,Melaka,230
2021-03-13,Negeri Sembilan,14
2021-03-13,Pahang,3296
2021-03-13,Perak,3235
2021-03-13,Perlis,216
2021-03-13,Pulau Pinang,799
2021-03-13,Sabah,2725
2021-03-13,Sarawak,1723
2021-03-13,Selangor,2461
2021-03-13,Terengganu,0
2021-03-13,W.P. Kuala Lumpur,0
2021-03-13,W.P. Labuan,0
2021-03-13,W.P. Putrajaya,0
2021-03-14,Johor,1137
2021-03-14,Kedah,1430
2021-03-14,Kelantan,72
2021-03-14,Melaka,0
2021-03-14,Negeri Sembilan,0
2021-03-14,Pahang,197
2021-03-14,Perak,1367
2021-03-14,Perlis,0
2021-03-14,Pulau Pinang,505
2021-03-14,Sabah,2718
2021-03-14,Sarawak,1065
2021-03-14,Selangor,547
2021-03-14,Terengganu,1036
2021-03-14,W.P. Kuala Lumpur,0
2021-03-14,W.P. Labuan,0
2021-03-14,W.P. Putrajaya,0
2021-03-15,Johor,1797
2021-03-15,Kedah,2647
2021-03-15,Kelantan,466
2021-03-15,Melaka,288
2021-03-15,Negeri Sembilan,699
2021-03-15,Pahang,199
2021-03-15,Perak,1638
2021-03-15,Perlis,470
2021-03-15,Pulau Pinang,1789
2021-03-15,Sabah,4162
2021-03-15,Sarawak,721
2021-03-15,Selangor,2519
2021-03-15,Terengganu,820
2021-03-15,W.P. Kuala Lumpur,1728
2021-03-15,W.P. Labuan,0
2021-03-15,W.P. Putrajaya,342
2021-03-16,Johor,1437
2021-03-16,Kedah,2676
2021-03-16,Kelantan,664
2021-03-16,Melaka,835
2021-03-16,Negeri Sembilan,1629
2021-03-16,Pahang,407
2021-03-16,Perak,4746
2021-03-16,Perlis,798
2021-03-16,Pulau Pinang,2036
2021-03-16,Sabah,3588
2021-03-16,Sarawak,536
2021-03-16,Selangor,3164
2021-03-16,Terengganu,775
2021-03-16,W.P. Kuala Lumpur,1949
2021-03-16,W.P. Labuan,0
2021-03-16,W.P. Putrajaya,218
2021-03-17,Johor,891
2021-03-17,Kedah,1637
2021-03-17,Kelantan,1363
2021-03-17,Melaka,798
2021-03-17,Negeri Sembilan,1471
2021-03-17,Pahang,643
2021-03-17,Perak,2830
2021-03-17,Perlis,795
2021-03-17,Pulau Pinang,1740
2021-03-17,Sabah,2514
2021-03-17,Sarawak,174
2021-03-17,Selangor,3922
2021-03-17,Terengganu,2
2021-03-17,W.P. Kuala Lumpur,1839
2021-03-17,W.P. Labuan,0
2021-03-17,W.P. Putrajaya,228
2021-03-18,Johor,1429
2021-03-18,Kedah,458
2021-03-18,Kelantan,715
2021-03-18,Melaka,619
2021-03-18,Negeri Sembilan,1051
2021-03-18,Pahang,1029
2021-03-18,Perak,3092
2021-03-18,Perlis,726
2021-03-18,Pulau Pinang,1454
2021-03-18,Sabah,2021
2021-03-18,Sarawak,98
2021-03-18,Selangor,3655
2021-03-18,Terengganu,0
2021-03-18,W.P. Kuala Lumpur,1686
2021-03-18,W.P. Labuan,2
2021-03-18,W.P. Putrajaya,64
2021-03-19,Johor,18
2021-03-19,Kedah,306
2021-03-19,Kelantan,0
2021-03-19,Melaka,330
2021-03-19,Negeri Sembilan,275
2021-03-19,Pahang,2167
2021-03-19,Perak,2249
2021-03-19,Perlis,160
2021-03-19,Pulau Pinang,1844
2021-03-19,Sabah,992
2021-03-19,Sarawak,1674
2021-03-19,Selangor,3149
2021-03-19,Terengganu,6
2021-03-19,W.P. Kuala Lumpur,1334
2021-03-19,W.P. Labuan,0
2021-03-19,W.P. Putrajaya,19
2021-03-20,Johor,728
2021-03-20,Kedah,6
2021-03-20,Kelantan,360
2021-03-20,Melaka,0
2021-03-20,Negeri Sembilan,0
2021-03-20,Pahang,3116
2021-03-20,Perak,1321
2021-03-20,Perlis,2
2021-03-20,Pulau Pinang,1884
2021-03-20,Sabah,1403
2021-03-20,Sarawak,4266
2021-03-20,Selangor,559
2021-03-20,Terengganu,0
2021-03-20,W.P. Kuala Lumpur,0
2021-03-20,W.P. Labuan,127
2021-03-20,W.P. Putrajaya,0
2021-03-21,Johor,1403
2021-03-21,Kedah,722
2021-03-21,Kelantan,509
2021-03-21,Melaka,0
2021-03-21,Negeri Sembilan,0
2021-03-21,Pahang,3007
2021-03-21,Perak,671
2021-03-21,Perlis,1
2021-03-21,Pulau Pinang,1437
2021-03-21,Sabah,336
2021-03-21,Sarawak,4385
2021-03-21,Selangor,596
2021-03-21,Terengganu,2082
2021-03-21,W.P. Kuala Lumpur,2
2021-03-21,W.P. Labuan,344
2021-03-21,W.P. Putrajaya,0
2021-03-22,Johor,2767
2021-03-22,Kedah,1201
2021-03-22,Kelantan,2080
2021-03-22,Melaka,191
2021-03-22,Negeri Sembilan,1134
2021-03-22,Pahang,1064
2021-03-22,Perak,1906
2021-03-22,Perlis,352
2021-03-22,Pulau Pinang,1649
2021-03-22,Sabah,965
2021-03-22,Sarawak,2458
2021-03-22,Selangor,2844
2021-03-22,Terengganu,1724
2021-03-22,W.P. Kuala Lumpur,3036
2021-03-22,W.P. Labuan,444
2021-03-22,W.P. Putrajaya,438
2021-03-23,Johor,1249
2021-03-23,Kedah,1253
2021-03-23,Kelantan,2786
2021-03-23,Melaka,1229
2021-03-23,Negeri Sembilan,3030
2021-03-23,Pahang,2181
2021-03-23,Perak,3373
2021-03-23,Perlis,533
2021-03-23,Pulau Pinang,1830
2021-03-23,Sabah,653
2021-03-23,Sarawak,822
2021-03-23,Selangor,3756
2021-03-23,Terengganu,2572
2021-03-23,W.P. Kuala Lumpur,3022
2021-03-23,W.P. Labuan,372
2021-03-23,W.P. Putrajaya,479
2021-03-24,Johor,3078
2021-03-24,Kedah,1355
2021-03-24,Kelantan,3300
2021-03-24,Melaka,1322
2021-03-24,Negeri Sembilan,2531
2021-03-24,Pahang,1375
2021-03-24,Perak,1941
2021-03-24,Perlis,530
2021-03-24,Pulau Pinang,1838
2021-03-24,Sabah,563
2021-03-24,Sarawak,622
2021-03-24,Selangor,3875
2021-03-24,Terengganu,2557
2021-03-24,W.P. Kuala Lumpur,3395
2021-03-24,W.P. Labuan,292
2021-03-24,W.P. Putrajaya,487
2021-03-25,Johor,3230
2021-03-25,Kedah,543
2021-03-25,Kelantan,2854
2021-03-25,Melaka,1153
2021-03-25,Negeri Sembilan,2018
2021-03-25,Pahang,1558
2021-03-25,Perak,976
2021-03-25,Perlis,295
2021-03-25,Pulau Pinang,1654
2021-03-25,Sabah,1765
2021-03-25,Sarawak,520
2021-03-25,Selangor,3882
2021-03-25,Terengganu,497
2021-03-25,W.P. Kuala Lumpur,4074
2021-03-25,W.P. Labuan,193
2021-03-25,W.P. Putrajaya,542
2021-03-26,Johor,927
2021-03-26,Kedah,156
2021-03-26,Kelantan,708
2021-03-26,Melaka,715
2021-03-26,Negeri Sembilan,1064
2021-03-26,Pahang,999
2021-03-26,Perak,1268
2021-03-26,Perlis,311
2021-03-26,Pulau Pinang,1075
2021-03-26,Sabah,2411
2021-03-26,Sarawak,1358
2021-03-26,Selangor,3498
2021-03-26,Terengganu,0
2021-03-26,W.P. Kuala Lumpur,1684
2021-03-26,W.P. Labuan,170
2021-03-26,W.P. Putrajaya,354
2021-03-27,Johor,1157
2021-03-27,Kedah,97
2021-03-27,Kelantan,0
2021-03-27,Melaka,306
2021-03-27,Negeri Sembilan,0
2021-03-27,Pahang,3094
2021-03-27,Perak,710
2021-03-27,Perlis,0
2021-03-27,Pulau Pinang,119
2021-03-27,Sabah,3721
2021-03-27,Sarawak,3824
2021-03-27,Selangor,2920
2021-03-27,Terengganu,0
2021-03-27,W.P. Kuala Lumpur,0
2021-03-27,W.P. Labuan,85
2021-03-27,W.P. Putrajaya,0
2021-03-28,Johor,2496
2021-03-28,Kedah,879
2021-03-28,Kelantan,499
2021-03-28,Melaka,306
2021-03-28,Negeri Sembilan,0
2021-03-28,Pahang,800
2021-03-28,Perak,13
2021-03-28,Perlis,0
2021-03-28,Pulau Pinang,113
2021-03-28,Sabah,2696
2021-03-28,Sarawak,5222
2021-03-28,Selangor,283
2021-03-28,Terengganu,3134
2021-03-28,W.P. Kuala Lumpur,0
2021-03-28,W.P. Labuan,83
2021-03-28,W.P. Putrajaya,0
2021-03-29,Johor,3384
2021-03-29,Kedah,3567
2021-03-29,Kelantan,1964
2021-03-29,Melaka,121
2021-03-29,Negeri Sembilan,1257
2021-03-29,Pahang,1139
2021-03-29,Perak,2098
2021-03-29,Perlis,813
2021-03-29,Pulau Pinang,1149
2021-03-29,Sabah,3500
2021-03-29,Sarawak,4306
2021-03-29,Selangor,4161
2021-03-29,Terengganu,3046
2021-03-29,W.P. Kuala Lumpur,4098
2021-03-29,W.P. Labuan,30
2021-03-29,W.P. Putrajaya,403
2021-03-30,Johor,2976
2021-03-30,Kedah,3277
2021-03-30,Kelantan,1735
2021-03-30,Melaka,1241
2021-03-30,Negeri Sembilan,2827
2021-03-30,Pahang,1118
2021-03-30,Perak,2744
2021-03-30,Perlis,1072
2021-03-30,Pulau Pinang,1481
2021-03-30,Sabah,3368
2021-03-30,Sarawak,5129
2021-03-30,Selangor,5431
2021-03-30,Terengganu,2928
2021-03-30,W.P. Kuala Lumpur,5059
2021-03-30,W.P. Labuan,24
2021-03-30,W.P. Putrajaya,370
2021-03-31,Johor,1971
2021-03-31,Kedah,3400
2021-03-31,Kelantan,1341
2021-03-31,Melaka,1621
2021-03-31,Negeri Sembilan,2697
2021-03-31,Pahang,939
2021-03-31,Perak,1716
2021-03-31,Perlis,677
2021-03-31,Pulau Pinang,2151
2021-03-31,Sabah,3191
2021-03-31,Sarawak,4874
2021-03-31,Selangor,5405
2021-03-31,Terengganu,2422
2021-03-31,W.P. Kuala Lumpur,4316
2021-03-31,W.P. Labuan,131
2021-03-31,W.P. Putrajaya,408
2021-04-03,Johor,1968
2021-04-03,Kedah,724
2021-04-03,Kelantan,3408
2021-04-03,Melaka,988
2021-04-03,Negeri Sembilan,1231
2021-04-03,Pahang,1131
2021-04-03,Perak,1028
2021-04-03,Perlis,298
2021-04-03,Pulau Pinang,1124
2021-04-03,Sabah,1746
2021-04-03,Sarawak,453
2021-04-03,Selangor,2263
2021-04-03,Terengganu,4
2021-04-03,W.P. Kuala Lumpur,2436
2021-04-03,W.P. Labuan,209
2021-04-03,W.P. Putrajaya,548
2021-04-04,Johor,3160
2021-04-04,Kedah,1933
2021-04-04,Kelantan,122
2021-04-04,Melaka,0
2021-04-04,Negeri Sembilan,0
2021-04-04,Pahang,852
2021-04-04,Perak,1427
2021-04-04,Perlis,0
2021-04-04,Pulau Pinang,561
2021-04-04,Sabah,2144
2021-04-04,Sarawak,2551
2021-04-04,Selangor,543
2021-04-04,Terengganu,1642
2021-04-04,W.P. Kuala Lumpur,0
2021-04-04,W.P. Labuan,0
2021-04-04,W.P. Putrajaya,1
2021-04-05,Johor,2069
2021-04-05,Kedah,3995
2021-04-05,Kelantan,3402
2021-04-05,Melaka,1140
2021-04-05,Negeri Sembilan,3928
2021-04-05,Pahang,3620
2021-04-05,Perak,3819
2021-04-05,Perlis,956
2021-04-05,Pulau Pinang,3132
2021-04-05,Sabah,2239
2021-04-05,Sarawak,2124
2021-04-05,Selangor,8213
2021-04-05,Terengganu,3719
2021-04-05,W.P. Kuala Lumpur,6421
2021-04-05,W.P. Labuan,523
2021-04-05,W.P. Putrajaya,446
2021-04-06,Johor,1782
2021-04-06,Kedah,4991
2021-04-06,Kelantan,463
2021-04-06,Melaka,3547
2021-04-06,Negeri Sembilan,3241
2021-04-06,Pahang,4166
2021-04-06,Perak,9207
2021-04-06,Perlis,1231
2021-04-06,Pulau Pinang,5663
2021-04-06,Sabah,10881
2021-04-06,Sarawak,10636
2021-04-06,Selangor,16558
2021-04-06,Terengganu,1
2021-04-06,W.P. Kuala Lumpur,16763
2021-04-06,W.P. Labuan,649
2021-04-06,W.P. Putrajaya,1392
2021-04-07,Johor,14765
2021-04-07,Kedah,11745
2021-04-07,Kelantan,10416
2021-04-07,Melaka,0
2021-04-07,Negeri Sembilan,4406
2021-04-07,Pahang,1961
2021-04-07,Perak,16044
2021-04-07,Perlis,416
2021-04-07,Pulau Pinang,7147
2021-04-07,Sabah,8477
2021-04-07,Sarawak,41454
2021-04-07,Selangor,42044
2021-04-07,Terengganu,8989
2021-04-07,W.P. Kuala Lumpur,45067
2021-04-07,W.P. Labuan,960
2021-04-07,W.P. Putrajaya,985
2021-04-08,Johor,49431
2021-04-08,Kedah,31690
2021-04-08,Kelantan,33721
2021-04-08,Melaka,16774
2021-04-08,Negeri Sembilan,25866
2021-04-08,Pahang,26715
2021-04-08,Perak,31852
2021-04-08,Perlis,3263
2021-04-08,Pulau Pinang,29036
2021-04-08,Sabah,42556
2021-04-08,Sarawak,25442
2021-04-08,Selangor,118432
2021-04-08,Terengganu,14798
2021-04-08,W.P. Kuala Lumpur,54466
2021-04-08,W.P. Labuan,638
2021-04-08,W.P. Putrajaya,4689
2021-04-09,Johor,60358
2021-04-09,Kedah,18039
2021-04-09,Kelantan,14089
2021-04-09,Melaka,16774
2021-04-09,Negeri Sembilan,4674
2021-04-09,Pahang,22852
2021-04-09,Perak,24864
2021-04-09,Perlis,2731
2021-04-09,Pulau Pinang,20112
2021-04-09,Sabah,39249
2021-04-09,Sarawak,3478
2021-04-09,Selangor,34342
2021-04-09,Terengganu,19793
2021-04-09,W.P. Kuala Lumpur,24597
2021-04-09,W.P. Labuan,189
2021-04-09,W.P. Putrajaya,440
2021-04-13,Johor,44
2021-04-13,Kedah,120
2021-04-13,Kelantan,1398
2021-04-13,Melaka,0
2021-04-13,Negeri Sembilan,2050
2021-04-13,Pahang,777
2021-04-13,Perak,423
2021-04-13,Perlis,708
2021-04-13,Pulau Pinang,1651
2021-04-13,Sabah,618
2021-04-13,Sarawak,1935
2021-04-13,Selangor,6338
2021-04-13,Terengganu,1481
2021-04-13,W.P. Kuala Lumpur,6222
2021-04-13,W.P. Labuan,0
2021-04-13,W.P. Putrajaya,7
2021-04-14,Johor,3822
2021-04-14,Kedah,1387
2021-04-14,Kelantan,1571
2021-04-14,Melaka,1713
2021-04-14,Negeri Sembilan,1874
2021-04-14,Pahang,426
2021-04-14,Perak,257
2021-04-14,Perlis,676
2021-04-14,Pulau Pinang,1729
2021-04-14,Sabah,837
2021-04-14,Sarawak,1803
2021-04-14,Selangor,5500
2021-04-14,Terengganu,767
2021-04-14,W.P. Kuala Lumpur,6248
2021-04-14,W.P. Labuan,0
2021-04-14,W.P. Putrajaya,7
2021-04-15,Johor,4630
2021-04-15,Kedah,788
2021-04-15,Kelantan,976
2021-04-15,Melaka,0
2021-04-15,Negeri Sembilan,1378
2021-04-15,Pahang,660
2021-04-15,Perak,2482
2021-04-15,Perlis,214
2021-04-15,Pulau Pinang,1540
2021-04-15,Sabah,709
2021-04-15,Sarawak,260
2021-04-15,Selangor,5420
2021-04-15,Terengganu,722
2021-04-15,W.P. Kuala Lumpur,7083
2021-04-15,W.P. Labuan,0
2021-04-15,W.P. Putrajaya,372
2021-04-16,Johor,48
2021-04-16,Kedah,376
2021-04-16,Kelantan,1
2021-04-16,Melaka,2238
2021-04-16,Negeri Sembilan,603
2021-04-16,Pahang,717
2021-04-16,Perak,2435
2021-04-16,Perlis,93
2021-04-16,Pulau Pinang,876
2021-04-16,Sabah,484
2021-04-16,Sarawak,616
2021-04-16,Selangor,4871
2021-04-16,Terengganu,0
2021-04-16,W.P. Kuala Lumpur,5700
2021-04-16,W.P. Labuan,0
2021-04-16,W.P. Putrajaya,470
2021-04-17,Johor,1873
2021-04-17,Kedah,504
2021-04-17,Kelantan,0
2021-04-17,Melaka,1044
2021-04-17,Negeri Sembilan,0
2021-04-17,Pahang,2183
2021-04-17,Perak,910
2021-04-17,Perlis,0
2021-04-17,Pulau Pinang,287
2021-04-17,Sabah,263
2021-04-17,Sarawak,1450
2021-04-17,Selangor,1087
2021-04-17,Terengganu,27
2021-04-17,W.P. Kuala Lumpur,2
2021-04-17,W.P. Labuan,0
2021-04-17,W.P. Putrajaya,1
2021-04-18,Johor,3598
2021-04-18,Kedah,537
2021-04-18,Kelantan,743
2021-04-18,Melaka,306
2021-04-18,Negeri Sembilan,0
2021-04-18,Pahang,3
2021-04-18,Perak,1118
2021-04-18,Perlis,2
2021-04-18,Pulau Pinang,243
2021-04-18,Sabah,49
2021-04-18,Sarawak,1754
2021-04-18,Selangor,414
2021-04-18,Terengganu,1071
2021-04-18,W.P. Kuala Lumpur,0
2021-04-18,W.P. Labuan,0
2021-04-18,W.P. Putrajaya,1
2021-04-19,Johor,4846
2021-04-19,Kedah,1782
2021-04-19,Kelantan,1731
2021-04-19,Melaka,1591
2021-04-19,Negeri Sembilan,1075
2021-04-19,Pahang,1850
2021-04-19,Perak,2192
2021-04-19,Perlis,712
2021-04-19,Pulau Pinang,2183
2021-04-19,Sabah,2161
2021-04-19,Sarawak,2192
2021-04-19,Selangor,3267
2021-04-19,Terengganu,1345
2021-04-19,W.P. Kuala Lumpur,5145
2021-04-19,W.P. Labuan,383
2021-04-19,W.P. Putrajaya,489
2021-04-20,Johor,1670
2021-04-20,Kedah,2565
2021-04-20,Kelantan,2107
2021-04-20,Melaka,1542
2021-04-20,Negeri Sembilan,1846
2021-04-20,Pahang,2002
2021-04-20,Perak,1435
2021-04-20,Perlis,774
2021-04-20,Pulau Pinang,2522
2021-04-20,Sabah,2755
2021-04-20,Sarawak,3570
2021-04-20,Selangor,4584
2021-04-20,Terengganu,1273
2021-04-20,W.P. Kuala Lumpur,4086
2021-04-20,W.P. Labuan,498
2021-04-20,W.P. Putrajaya,1
2021-04-21,Johor,1074
2021-04-21,Kedah,2569
2021-04-21,Kelantan,1271
2021-04-21,Melaka,1613
2021-04-21,Negeri Sembilan,1143
2021-04-21,Pahang,2056
2021-04-21,Perak,297
2021-04-21,Perlis,920
2021-04-21,Pulau Pinang,2742
2021-04-21,Sabah,2642
2021-04-21,Sarawak,4006
2021-04-21,Selangor,1953
2021-04-21,Terengganu,1358
2021-04-21,W.P. Kuala Lumpur,3330
2021-04-21,W.P. Labuan,532
2021-04-21,W.P. Putrajaya,19
2021-04-22,Johor,1987
2021-04-22,Kedah,2338
2021-04-22,Kelantan,1010
2021-04-22,Melaka,1623
2021-04-22,Negeri Sembilan,1944
2021-04-22,Pahang,1882
2021-04-22,Perak,1006
2021-04-22,Perlis,450
2021-04-22,Pulau Pinang,2533
2021-04-22,Sabah,2645
2021-04-22,Sarawak,4976
2021-04-22,Selangor,2054
2021-04-22,Terengganu,1237
2021-04-22,W.P. Kuala Lumpur,2652
2021-04-22,W.P. Labuan,715
2021-04-22,W.P. Putrajaya,361
2021-04-23,Johor,329
2021-04-23,Kedah,94
2021-04-23,Kelantan,84
2021-04-23,Melaka,1656
2021-04-23,Negeri Sembilan,828
2021-04-23,Pahang,1645
2021-04-23,Perak,1368
2021-04-23,Perlis,492
2021-04-23,Pulau Pinang,2389
2021-04-23,Sabah,1384
2021-04-23,Sarawak,4533
2021-04-23,Selangor,1578
2021-04-23,Terengganu,0
2021-04-23,W.P. Kuala Lumpur,1436
2021-04-23,W.P. Labuan,861
2021-04-23,W.P. Putrajaya,196
2021-04-24,Johor,245
2021-04-24,Kedah,38
2021-04-24,Kelantan,1
2021-04-24,Melaka,373
2021-04-24,Negeri Sembilan,146
2021-04-24,Pahang,0
2021-04-24,Perak,1130
2021-04-24,Perlis,0
2021-04-24,Pulau Pinang,201
2021-04-24,Sabah,860
2021-04-24,Sarawak,7514
2021-04-24,Selangor,46
2021-04-24,Terengganu,0
2021-04-24,W.P. Kuala Lumpur,7
2021-04-24,W.P. Labuan,862
2021-04-24,W.P. Putrajaya,0
2021-04-25,Johor,3096
2021-04-25,Kedah,1857
2021-04-25,Kelantan,264
2021-04-25,Melaka,0
2021-04-25,Negeri Sembilan,0
2021-04-25,Pahang,571
2021-04-25,Perak,1161
2021-04-25,Perlis,0
2021-04-25,Pulau Pinang,67
2021-04-25,Sabah,192
2021-04-25,Sarawak,6151
2021-04-25,Selangor,0
2021-04-25,Terengganu,1417
2021-04-25,W.P. Kuala Lumpur,0
2021-04-25,W.P. Labuan,0
2021-04-25,W.P. Putrajaya,0
2021-04-26,Johor,3849
2021-04-26,Kedah,1930
2021-04-26,Kelantan,2676
2021-04-26,Melaka,716
2021-04-26,Negeri Sembilan,648
2021-04-26,Pahang,2024
2021-04-26,Perak,2132
2021-04-26,Perlis,547
2021-04-26,Pulau Pinang,2631
2021-04-26,Sabah,1277
2021-04-26,Sarawak,4094
2021-04-26,Selangor,5291
2021-04-26,Terengganu,0
2021-04-26,W.P. Kuala Lumpur,1504
2021-04-26,W.P. Labuan,649
2021-04-26,W.P. Putrajaya,254
2021-04-27,Johor,2938
2021-04-27,Kedah,2916
2021-04-27,Kelantan,3364
2021-04-27,Melaka,891
2021-04-27,Negeri Sembilan,1974
2021-04-27,Pahang,1930
2021-04-27,Perak,1961
2021-04-27,Perlis,658
2021-04-27,Pulau Pinang,2607
2021-04-27,Sabah,2914
2021-04-27,Sarawak,2510
2021-04-27,Selangor,5444
2021-04-27,Terengganu,1785
2021-04-27,W.P. Kuala Lumpur,1912
2021-04-27,W.P. Labuan,505
2021-04-27,W.P. Putrajaya,304
2021-04-28,Johor,3362
2021-04-28,Kedah,2592
2021-04-28,Kelantan,2576
2021-04-28,Melaka,1505
2021-04-28,Negeri Sembilan,2023
2021-04-28,Pahang,3211
2021-04-28,Perak,2137
2021-04-28,Perlis,1027
2021-04-28,Pulau Pinang,3880
2021-04-28,Sabah,3373
2021-04-28,Sarawak,2080
2021-04-28,Selangor,5230
2021-04-28,Terengganu,1538
2021-04-28,W.P. Kuala Lumpur,3584
2021-04-28,W.P. Labuan,656
2021-04-28,W.P. Putrajaya,815
2021-04-29,Johor,3642
2021-04-29,Kedah,824
2021-04-29,Kelantan,195
2021-04-29,Melaka,1486
2021-04-29,Negeri Sembilan,1918
2021-04-29,Pahang,1
2021-04-29,Perak,1
2021-04-29,Perlis,0
2021-04-29,Pulau Pinang,54
2021-04-29,Sabah,2712
2021-04-29,Sarawak,1205
2021-04-29,Selangor,65
2021-04-29,Terengganu,0
2021-04-29,W.P. Kuala Lumpur,4
2021-04-29,W.P. Labuan,376
2021-04-29,W.P. Putrajaya,0
2021-04-30,Johor,305
2021-04-30,Kedah,348
2021-04-30,Kelantan,0
2021-04-30,Melaka,1418
2021-04-30,Negeri Sembilan,1101
2021-04-30,Pahang,2394
2021-04-30,Perak,1749
2021-04-30,Perlis,451
2021-04-30,Pulau Pinang,3375
2021-04-30,Sabah,3293
2021-04-30,Sarawak,2011
2021-04-30,Selangor,5623
2021-04-30,Terengganu,0
2021-04-30,W.P. Kuala Lumpur,3254
2021-04-30,W.P. Labuan,854
2021-04-30,W.P. Putrajaya,390
2021-05-03,Johor,332
2021-05-03,Kedah,139
2021-05-03,Kelantan,741
2021-05-03,Melaka,573
2021-05-03,Negeri Sembilan,535
2021-05-03,Pahang,2058
2021-05-03,Perak,1018
2021-05-03,Perlis,330
2021-05-03,Pulau Pinang,1029
2021-05-03,Sabah,3071
2021-05-03,Sarawak,1325
2021-05-03,Selangor,2467
2021-05-03,Terengganu,62
2021-05-03,W.P. Kuala Lumpur,252
2021-05-03,W.P. Labuan,164
2021-05-03,W.P. Putrajaya,236
2021-05-04,Johor,3208
2021-05-04,Kedah,2652
2021-05-04,Kelantan,1242
2021-05-04,Melaka,567
2021-05-04,Negeri Sembilan,1265
2021-05-04,Pahang,749
2021-05-04,Perak,2125
2021-05-04,Perlis,157
2021-05-04,Pulau Pinang,2348
2021-05-04,Sabah,4169
2021-05-04,Sarawak,1311
2021-05-04,Selangor,3857
2021-05-04,Terengganu,1422
2021-05-04,W.P. Kuala Lumpur,2810
2021-05-04,W.P. Labuan,84
2021-05-04,W.P. Putrajaya,604
2021-05-05,Johor,3883
2021-05-05,Kedah,2655
2021-05-05,Kelantan,3520
2021-05-05,Melaka,2079
2021-05-05,Negeri Sembilan,3591
2021-05-05,Pahang,4370
2021-05-05,Perak,5104
2021-05-05,Perlis,883
2021-05-05,Pulau Pinang,2841
2021-05-05,Sabah,3289
2021-05-05,Sarawak,1711
2021-05-05,Selangor,8026
2021-05-05,Terengganu,2221
2021-05-05,W.P. Kuala Lumpur,10019
2021-05-05,W.P. Labuan,231
2021-05-05,W.P. Putrajaya,460
2021-05-06,Johor,10778
2021-05-06,Kedah,3397
2021-05-06,Kelantan,768
2021-05-06,Melaka,2157
2021-05-06,Negeri Sembilan,1089
2021-05-06,Pahang,2138
2021-05-06,Perak,7165
2021-05-06,Perlis,783
2021-05-06,Pulau Pinang,3615
2021-05-06,Sabah,9430
2021-05-06,Sarawak,10659
2021-05-06,Selangor,10483
2021-05-06,Terengganu,923
2021-05-06,W.P. Kuala Lumpur,9413
2021-05-06,W.P. Labuan,632
2021-05-06,W.P. Putrajaya,1
2021-05-07,Johor,19190
2021-05-07,Kedah,13155
2021-05-07,Kelantan,12594
2021-05-07,Melaka,7854
2021-05-07,Negeri Sembilan,12842
2021-05-07,Pahang,10037
2021-05-07,Perak,22633
2021-05-07,Perlis,2557
2021-05-07,Pulau Pinang,15612
2021-05-07,Sabah,12006
2021-05-07,Sarawak,58753
2021-05-07,Selangor,73308
2021-05-07,Terengganu,10346
2021-05-07,W.P. Kuala Lumpur,51222
2021-05-07,W.P. Labuan,1723
2021-05-07,W.P. Putrajaya,2239
2021-05-08,Johor,50929
2021-05-08,Kedah,34178
2021-05-08,Kelantan,34062
2021-05-08,Melaka,18628
2021-05-08,Negeri Sembilan,25899
2021-05-08,Pahang,30144
2021-05-08,Perak,32364
2021-05-08,Perlis,3797
2021-05-08,Pulau Pinang,30070
2021-05-08,Sabah,47330
2021-05-08,Sarawak,29387
2021-05-08,Selangor,117514
2021-05-08,Terengganu,15375
2021-05-08,W.P. Kuala Lumpur,55829
2021-05-08,W.P. Labuan,578
2021-05-08,W.P. Putrajaya,4449
2021-05-09,Johor,57118
2021-05-09,Kedah,25086
2021-05-09,Kelantan,21912
2021-05-09,Melaka,7841
2021-05-09,Negeri Sembilan,4441
2021-05-09,Pahang,17987
2021-05-09,Perak,25561
2021-05-09,Perlis,2380
2021-05-09,Pulau Pinang,18120
2021-05-09,Sabah,38109
2021-05-09,Sarawak,2395
2021-05-09,Selangor,32233
2021-05-09,Terengganu,20404
2021-05-09,W.P. Kuala Lumpur,23906
2021-05-09,W.P. Labuan,10
2021-05-09,W.P. Putrajaya,5
2021-05-13,Johor,0
2021-05-13,Kedah,0
2021-05-13,Kelantan,0
2021-05-13,Melaka,0
2021-05-13,Negeri Sembilan,5
2021-05-13,Pahang,0
2021-05-13,Perak,0
2021-05-13,Perlis,0
2021-05-13,Pulau Pinang,0
2021-05-13,Sabah,0
2021-05-13,Sarawak,71
2021-05-13,Selangor,35
2021-05-13,Terengganu,1
2021-05-13,W.P. Kuala Lumpur,6
2021-05-13,W.P. Labuan,0
2021-05-13,W.P. Putrajaya,0
2021-05-14,Johor,0
2021-05-14,Kedah,0
2021-05-14,Kelantan,0
2021-05-14,Melaka,1
2021-05-14,Negeri Sembilan,3
2021-05-14,Pahang,5
2021-05-14,Perak,0
2021-05-14,Perlis,0
2021-05-14,Pulau Pinang,0
2021-05-14,Sabah,0
2021-05-14,Sarawak,47
2021-05-14,Selangor,12
2021-05-14,Terengganu,0
2021-05-14,W.P. Kuala Lumpur,0
2021-05-14,W.P. Labuan,0
2021-05-14,W.P. Putrajaya,0
2021-05-15,Johor,5
2021-05-15,Kedah,0
2021-05-15,Kelantan,4
2021-05-15,Melaka,0
2021-05-15,Negeri Sembilan,0
2021-05-15,Pahang,1
2021-05-15,Perak,0
2021-05-15,Perlis,0
2021-05-15,Pulau Pinang,0
2021-05-15,Sabah,1
2021-05-15,Sarawak,137
2021-05-15,Selangor,977
2021-05-15,Terengganu,2
2021-05-15,W.P. Kuala Lumpur,8746
2021-05-15,W.P. Labuan,1022
2021-05-15,W.P. Putrajaya,0
2021-05-16,Johor,4
2021-05-16,Kedah,0
2021-05-16,Kelantan,337
2021-05-16,Melaka,0
2021-05-16,Negeri Sembilan,0
2021-05-16,Pahang,1
2021-05-16,Perak,0
2021-05-16,Perlis,0
2021-05-16,Pulau Pinang,0
2021-05-16,Sabah,0
2021-05-16,Sarawak,0
2021-05-16,Selangor,985
2021-05-16,Terengganu,1
2021-05-16,W.P. Kuala Lumpur,8978
2021-05-16,W.P. Labuan,0
2021-05-16,W.P. Putrajaya,0
2021-05-17,Johor,5038
2021-05-17,Kedah,2335
2021-05-17,Kelantan,3447
2021-05-17,Melaka,1328
2021-05-17,Negeri Sembilan,2885
2021-05-17,Pahang,3734
2021-05-17,Perak,3339
2021-05-17,Perlis,1333
2021-05-17,Pulau Pinang,4455
2021-05-17,Sabah,3653
2021-05-17,Sarawak,2882
2021-05-17,Selangor,8402
2021-05-17,Terengganu,3088
2021-05-17,W.P. Kuala Lumpur,13169
2021-05-17,W.P. Labuan,994
2021-05-17,W.P. Putrajaya,459
2021-05-18,Johor,6465
2021-05-18,Kedah,4072
2021-05-18,Kelantan,5441
2021-05-18,Melaka,1772
2021-05-18,Negeri Sembilan,3061
2021-05-18,Pahang,3926
2021-05-18,Perak,4608
2021-05-18,Perlis,1474
2021-05-18,Pulau Pinang,3850
2021-05-18,Sabah,4324
2021-05-18,Sarawak,10066
2021-05-18,Selangor,10406
2021-05-18,Terengganu,2976
2021-05-18,W.P. Kuala Lumpur,13687
2021-05-18,W.P. Labuan,938
2021-05-18,W.P. Putrajaya,893
2021-05-19,Johor,7639
2021-05-19,Kedah,5287
2021-05-19,Kelantan,4772
2021-05-19,Melaka,1638
2021-05-19,Negeri Sembilan,2360
2021-05-19,Pahang,4817
2021-05-19,Perak,4236
2021-05-19,Perlis,1750
2021-05-19,Pulau Pinang,4644
2021-05-19,Sabah,5189
2021-05-19,Sarawak,9909
2021-05-19,Selangor,10635
2021-05-19,Terengganu,3480
2021-05-19,W.P. Kuala Lumpur,16142
2021-05-19,W.P. Labuan,363
2021-05-19,W.P. Putrajaya,1222
2021-05-20,Johor,7890
2021-05-20,Kedah,5499
2021-05-20,Kelantan,4000
2021-05-20,Melaka,1655
2021-05-20,Negeri Sembilan,2120
2021-05-20,Pahang,3087
2021-05-20,Perak,6530
2021-05-20,Perlis,1053
2021-05-20,Pulau Pinang,3741
2021-05-20,Sabah,6168
2021-05-20,Sarawak,7001
2021-05-20,Selangor,9930
2021-05-20,Terengganu,3148
2021-05-20,W.P. Kuala Lumpur,17657
2021-05-20,W.P. Labuan,328
2021-05-20,W.P. Putrajaya,1222
2021-05-21,Johor,827
2021-05-21,Kedah,781
2021-05-21,Kelantan,21
2021-05-21,Melaka,1784
2021-05-21,Negeri Sembilan,1598
2021-05-21,Pahang,4285
2021-05-21,Perak,8900
2021-05-21,Perlis,914
2021-05-21,Pulau Pinang,3868
2021-05-21,Sabah,4822
2021-05-21,Sarawak,5431
2021-05-21,Selangor,10483
2021-05-21,Terengganu,0
2021-05-21,W.P. Kuala Lumpur,15927
2021-05-21,W.P. Labuan,133
2021-05-21,W.P. Putrajaya,1164
2021-05-22,Johor,8319
2021-05-22,Kedah,766
2021-05-22,Kelantan,15
2021-05-22,Melaka,506
2021-05-22,Negeri Sembilan,98
2021-05-22,Pahang,4335
2021-05-22,Perak,5143
2021-05-22,Perlis,0
2021-05-22,Pulau Pinang,1
2021-05-22,Sabah,3636
2021-05-22,Sarawak,9849
2021-05-22,Selangor,4483
2021-05-22,Terengganu,0
2021-05-22,W.P. Kuala Lumpur,8693
2021-05-22,W.P. Labuan,516
2021-05-22,W.P. Putrajaya,0
2021-05-23,Johor,7356
2021-05-23,Kedah,5583
2021-05-23,Kelantan,3761
2021-05-23,Melaka,2
2021-05-23,Negeri Sembilan,0
2021-05-23,Pahang,81
2021-05-23,Perak,6047
2021-05-23,Perlis,0
2021-05-23,Pulau Pinang,0
2021-05-23,Sabah,2221
2021-05-23,Sarawak,8209
2021-05-23,Selangor,1042
2021-05-23,Terengganu,2479
2021-05-23,W.P. Kuala Lumpur,9522
2021-05-23,W.P. Labuan,1
2021-05-23,W.P. Putrajaya,0
2021-05-24,Johor,7610
2021-05-24,Kedah,7207
2021-05-24,Kelantan,4994
2021-05-24,Melaka,2094
2021-05-24,Negeri Sembilan,3055
2021-05-24,Pahang,4552
2021-05-24,Perak,7255
2021-05-24,Perlis,1850
2021-05-24,Pulau Pinang,4181
2021-05-24,Sabah,5002
2021-05-24,Sarawak,11920
2021-05-24,Selangor,14664
2021-05-24,Terengganu,4532
2021-05-24,W.P. Kuala Lumpur,14777
2021-05-24,W.P. Labuan,1003
2021-05-24,W.P. Putrajaya,896
2021-05-25,Johor,8654
2021-05-25,Kedah,7602
2021-05-25,Kelantan,5415
2021-05-25,Melaka,2202
2021-05-25,Negeri Sembilan,5546
2021-05-25,Pahang,4019
2021-05-25,Perak,7616
2021-05-25,Perlis,1910
2021-05-25,Pulau Pinang,4033
2021-05-25,Sabah,6532
2021-05-25,Sarawak,9192
2021-05-25,Selangor,15745
2021-05-25,Terengganu,4836
2021-05-25,W.P. Kuala Lumpur,15189
2021-05-25,W.P. Labuan,483
2021-05-25,W.P. Putrajaya,1281
2021-05-26,Johor,319
2021-05-26,Kedah,2268
2021-05-26,Kelantan,84
2021-05-26,Melaka,25
2021-05-26,Negeri Sembilan,1086
2021-05-26,Pahang,80
2021-05-26,Perak,302
2021-05-26,Perlis,11
2021-05-26,Pulau Pinang,7
2021-05-26,Sabah,2105
2021-05-26,Sarawak,804
2021-05-26,Selangor,5415
2021-05-26,Terengganu,0
2021-05-26,W.P. Kuala Lumpur,9685
2021-05-26,W.P. Labuan,2
2021-05-26,W.P. Putrajaya,0
2021-05-27,Johor,10388
2021-05-27,Kedah,8468
2021-05-27,Kelantan,6656
2021-05-27,Melaka,2639
2021-05-27,Negeri Sembilan,5580
2021-05-27,Pahang,6273
2021-05-27,Perak,8164
2021-05-27,Perlis,2185
2021-05-27,Pulau Pinang,4760
2021-05-27,Sabah,7916
2021-05-27,Sarawak,4262
2021-05-27,Selangor,17787
2021-05-27,Terengganu,5332
2021-05-27,W.P. Kuala Lumpur,15911
2021-05-27,W.P. Labuan,428
2021-05-27,W.P. Putrajaya,1420
2021-05-28,Johor,2054
2021-05-28,Kedah,1715
2021-05-28,Kelantan,19
2021-05-28,Melaka,2549
2021-05-28,Negeri Sembilan,4696
2021-05-28,Pahang,2889
2021-05-28,Perak,7778
2021-05-28,Perlis,1427
2021-05-28,Pulau Pinang,4200
2021-05-28,Sabah,7884
2021-05-28,Sarawak,5440
2021-05-28,Selangor,15526
2021-05-28,Terengganu,17
2021-05-28,W.P. Kuala Lumpur,15820
2021-05-28,W.P. Labuan,625
2021-05-28,W.P. Putrajaya,1580
2021-05-29,Johor,10304
2021-05-29,Kedah,3290
2021-05-29,Kelantan,64
2021-05-29,Melaka,1290
2021-05-29,Negeri Sembilan,1220
2021-05-29,Pahang,1209
2021-05-29,Perak,6572
2021-05-29,Perlis,0
2021-05-29,Pulau Pinang,0
2021-05-29,Sabah,6637
2021-05-29,Sarawak,14440
2021-05-29,Selangor,10331
2021-05-29,Terengganu,696
2021-05-29,W.P. Kuala Lumpur,9300
2021-05-29,W.P. Labuan,616
2021-05-29,W.P. Putrajaya,0
2021-05-30,Johor,10176
2021-05-30,Kedah,5509
2021-05-30,Kelantan,5571
2021-05-30,Melaka,0
2021-05-30,Negeri Sembilan,438
2021-05-30,Pahang,100
2021-05-30,Perak,6343
2021-05-30,Perlis,0
2021-05-30,Pulau Pinang,2
2021-05-30,Sabah,2198
2021-05-30,Sarawak,13229
2021-05-30,Selangor,5037
2021-05-30,Terengganu,4751
2021-05-30,W.P. Kuala Lumpur,9315
2021-05-30,W.P. Labuan,0
2021-05-30,W.P. Putrajaya,0
2021-05-31,Johor,12302
2021-05-31,Kedah,8947
2021-05-31,Kelantan,7680
2021-05-31,Melaka,2555
2021-05-31,Negeri Sembilan,3547
2021-05-31,Pahang,4959
2021-05-31,Perak,8131
2021-05-31,Perlis,1994
2021-05-31,Pulau Pinang,3945
2021-05-31,Sabah,1423
2021-05-31,Sarawak,2891
2021-05-31,Selangor,14854
2021-05-31,Terengganu,4623
2021-05-31,W.P. Kuala Lumpur,16932
2021-05-31,W.P. Labuan,0
2021-05-31,W.P. Putrajaya,1357
2021-06-03,Johor,718
2021-06-03,Kedah,108
2021-06-03,Kelantan,0
2021-06-03,Melaka,0
2021-06-03,Negeri Sembilan,0
2021-06-03,Pahang,3242
2021-06-03,Perak,799
2021-06-03,Perlis,0
2021-06-03,Pulau Pinang,120
2021-06-03,Sabah,3928
2021-06-03,Sarawak,3590
2021-06-03,Selangor,3084
2021-06-03,Terengganu,106
2021-06-03,W.P. Kuala Lumpur,0
2021-06-03,W.P. Labuan,83
2021-06-03,W.P. Putrajaya,0
2021-06-04,Johor,2877
2021-06-04,Kedah,3433
2021-06-04,Kelantan,1723
2021-06-04,Melaka,1074
2021-06-04,Negeri Sembilan,2722
2021-06-04,Pahang,665
2021-06-04,Perak,2227
2021-06-04,Perlis,173
2021-06-04,Pulau Pinang,2388
2021-06-04,Sabah,5824
2021-06-04,Sarawak,1609
2021-06-04,Selangor,3612
2021-06-04,Terengganu,1152
2021-06-04,W.P. Kuala Lumpur,2593
2021-06-04,W.P. Labuan,107
2021-06-04,W.P. Putrajaya,430
2021-06-05,Johor,6931
2021-06-05,Kedah,3503
2021-06-05,Kelantan,3240
2021-06-05,Melaka,905
2021-06-05,Negeri Sembilan,1949
2021-06-05,Pahang,4660
2021-06-05,Perak,5664
2021-06-05,Perlis,702
2021-06-05,Pulau Pinang,2613
2021-06-05,Sabah,3099
2021-06-05,Sarawak,577
2021-06-05,Selangor,8996
2021-06-05,Terengganu,2051
2021-06-05,W.P. Kuala Lumpur,9411
2021-06-05,W.P. Labuan,523
2021-06-05,W.P. Putrajaya,902
2021-06-06,Johor,10764
2021-06-06,Kedah,10508
2021-06-06,Kelantan,7219
2021-06-06,Melaka,0
2021-06-06,Negeri Sembilan,1064
2021-06-06,Pahang,4173
2021-06-06,Perak,7825
2021-06-06,Perlis,0
2021-06-06,Pulau Pinang,3
2021-06-06,Sabah,7538
2021-06-06,Sarawak,14707
2021-06-06,Selangor,5621
2021-06-06,Terengganu,4200
2021-06-06,W.P. Kuala Lumpur,8799
2021-06-06,W.P. Labuan,0
2021-06-06,W.P. Putrajaya,0
2021-06-07,Johor,18460
2021-06-07,Kedah,12981
2021-06-07,Kelantan,14853
2021-06-07,Melaka,8474
2021-06-07,Negeri Sembilan,15519
2021-06-07,Pahang,10639
2021-06-07,Perak,20944
2021-06-07,Perlis,3154
2021-06-07,Pulau Pinang,15973
2021-06-07,Sabah,12466
2021-06-07,Sarawak,63553
2021-06-07,Selangor,87183
2021-06-07,Terengganu,11140
2021-06-07,W.P. Kuala Lumpur,53991
2021-06-07,W.P. Labuan,1575
2021-06-07,W.P. Putrajaya,2704
2021-06-08,Johor,47291
2021-06-08,Kedah,25559
2021-06-08,Kelantan,4634
2021-06-08,Melaka,17128
2021-06-08,Negeri Sembilan,25340
2021-06-08,Pahang,25597
2021-06-08,Perak,34459
2021-06-08,Perlis,1895
2021-06-08,Pulau Pinang,27859
2021-06-08,Sabah,46271
2021-06-08,Sarawak,23226
2021-06-08,Selangor,115566
2021-06-08,Terengganu,3689
2021-06-08,W.P. Kuala Lumpur,57460
2021-06-08,W.P. Labuan,565
2021-06-08,W.P. Putrajaya,3938
2021-06-09,Johor,57369
2021-06-09,Kedah,24581
2021-06-09,Kelantan,24619
2021-06-09,Melaka,13754
2021-06-09,Negeri Sembilan,9565
2021-06-09,Pahang,21379
2021-06-09,Perak,30645
2021-06-09,Perlis,1775
2021-06-09,Pulau Pinang,21727
2021-06-09,Sabah,40304
2021-06-09,Sarawak,3420
2021-06-09,Selangor,26363
2021-06-09,Terengganu,20611
2021-06-09,W.P. Kuala Lumpur,23510
2021-06-09,W.P. Labuan,205
2021-06-09,W.P. Putrajaya,762
2021-06-13,Johor,16298
2021-06-13,Kedah,9287
2021-06-13,Kelantan,8543
2021-06-13,Melaka,0
2021-06-13,Negeri Sembilan,898
2021-06-13,Pahang,1489
2021-06-13,Perak,8353
2021-06-13,Perlis,1
2021-06-13,Pulau Pinang,1996
2021-06-13,Sabah,9726
2021-06-13,Sarawak,33727
2021-06-13,Selangor,10877
2021-06-13,Terengganu,6360
2021-06-13,W.P. Kuala Lumpur,23771
2021-06-13,W.P. Labuan,0
2021-06-13,W.P. Putrajaya,0
2021-06-14,Johor,20622
2021-06-14,Kedah,9997
2021-06-14,Kelantan,10169
2021-06-14,Melaka,2891
2021-06-14,Negeri Sembilan,5678
2021-06-14,Pahang,6482
2021-06-14,Perak,9853
2021-06-14,Perlis,3163
2021-06-14,Pulau Pinang,9698
2021-06-14,Sabah,13860
2021-06-14,Sarawak,44444
2021-06-14,Selangor,30888
2021-06-14,Terengganu,6387
2021-06-14,W.P. Kuala Lumpur,25736
2021-06-14,W.P. Labuan,1198
2021-06-14,W.P. Putrajaya,1394
2021-06-15,Johor,20610
2021-06-15,Kedah,8779
2021-06-15,Kelantan,12304
2021-06-15,Melaka,3336
2021-06-15,Negeri Sembilan,7602
2021-06-15,Pahang,7799
2021-06-15,Perak,10435
2021-06-15,Perlis,3238
2021-06-15,Pulau Pinang,10328
2021-06-15,Sabah,17148
2021-06-15,Sarawak,47677
2021-06-15,Selangor,34955
2021-06-15,Terengganu,6317
2021-06-15,W.P. Kuala Lumpur,28884
2021-06-15,W.P. Labuan,952
2021-06-15,W.P. Putrajaya,1557
2021-06-16,Johor,17338
2021-06-16,Kedah,4880
2021-06-16,Kelantan,12541
2021-06-16,Melaka,5174
2021-06-16,Negeri Sembilan,6638
2021-06-16,Pahang,5627
2021-06-16,Perak,2484
2021-06-16,Perlis,2634
2021-06-16,Pulau Pinang,10010
2021-06-16,Sabah,18284
2021-06-16,Sarawak,54160
2021-06-16,Selangor,36718
2021-06-16,Terengganu,5542
2021-06-16,W.P. Kuala Lumpur,28738
2021-06-16,W.P. Labuan,1179
2021-06-16,W.P. Putrajaya,1206
2021-06-17,Johor,20529
2021-06-17,Kedah,8938
2021-06-17,Kelantan,11658
2021-06-17,Melaka,6146
2021-06-17,Negeri Sembilan,6654
2021-06-17,Pahang,3961
2021-06-17,Perak,10513
2021-06-17,Perlis,3002
2021-06-17,Pulau Pinang,11145
2021-06-17,Sabah,16798
2021-06-17,Sarawak,53651
2021-06-17,Selangor,36541
2021-06-17,Terengganu,5376
2021-06-17,W.P. Kuala Lumpur,29073
2021-06-17,W.P. Labuan,2531
2021-06-17,W.P. Putrajaya,1495
2021-06-18,Johor,9104
2021-06-18,Kedah,2787
2021-06-18,Kelantan,448
2021-06-18,Melaka,6563
2021-06-18,Negeri Sembilan,6245
2021-06-18,Pahang,3835
2021-06-18,Perak,11228
2021-06-18,Perlis,1996
2021-06-18,Pulau Pinang,10334
2021-06-18,Sabah,16153
2021-06-18,Sarawak,51039
2021-06-18,Selangor,33674
2021-06-18,Terengganu,0
2021-06-18,W.P. Kuala Lumpur,27276
2021-06-18,W.P. Labuan,2355
2021-06-18,W.P. Putrajaya,1633
2021-06-19,Johor,18710
2021-06-19,Kedah,3374
2021-06-19,Kelantan,555
2021-06-19,Melaka,5979
2021-06-19,Negeri Sembilan,2099
2021-06-19,Pahang,2132
2021-06-19,Perak,9313
2021-06-19,Perlis,1873
2021-06-19,Pulau Pinang,7755
2021-06-19,Sabah,16301
2021-06-19,Sarawak,50640
2021-06-19,Selangor,24353
2021-06-19,Terengganu,610
2021-06-19,W.P. Kuala Lumpur,24722
2021-06-19,W.P. Labuan,2361
2021-06-19,W.P. Putrajaya,0
2021-06-20,Johor,13774
2021-06-20,Kedah,2520
2021-06-20,Kelantan,8463
2021-06-20,Melaka,2
2021-06-20,Negeri Sembilan,1003
2021-06-20,Pahang,1263
2021-06-20,Perak,8331
2021-06-20,Perlis,2153
2021-06-20,Pulau Pinang,2097
2021-06-20,Sabah,7566
2021-06-20,Sarawak,46814
2021-06-20,Selangor,16753
2021-06-20,Terengganu,5409
2021-06-20,W.P. Kuala Lumpur,27366
2021-06-20,W.P. Labuan,1772
2021-06-20,W.P. Putrajaya,0
2021-06-21,Johor,16858
2021-06-21,Kedah,10407
2021-06-21,Kelantan,9936
2021-06-21,Melaka,6424
2021-06-21,Negeri Sembilan,6527
2021-06-21,Pahang,7762
2021-06-21,Perak,10892
2021-06-21,Perlis,3790
2021-06-21,Pulau Pinang,12984
2021-06-21,Sabah,10218
2021-06-21,Sarawak,64652
2021-06-21,Selangor,35425
2021-06-21,Terengganu,6174
2021-06-21,W.P. Kuala Lumpur,38096
2021-06-21,W.P. Labuan,2649
2021-06-21,W.P. Putrajaya,1596
2021-06-22,Johor,17292
2021-06-22,Kedah,11222
2021-06-22,Kelantan,11118
2021-06-22,Melaka,6870
2021-06-22,Negeri Sembilan,8986
2021-06-22,Pahang,9177
2021-06-22,Perak,11658
2021-06-22,Perlis,3748
2021-06-22,Pulau Pinang,13994
2021-06-22,Sabah,11228
2021-06-22,Sarawak,59853
2021-06-22,Selangor,41351
2021-06-22,Terengganu,6957
2021-06-22,W.P. Kuala Lumpur,40520
2021-06-22,W.P. Labuan,3053
2021-06-22,W.P. Putrajaya,1754
2021-06-23,Johor,18145
2021-06-23,Kedah,11625
2021-06-23,Kelantan,11069
2021-06-23,Melaka,7182
2021-06-23,Negeri Sembilan,8938
2021-06-23,Pahang,8915
2021-06-23,Perak,11289
2021-06-23,Perlis,3731
2021-06-23,Pulau Pinang,14228
2021-06-23,Sabah,13676
2021-06-23,Sarawak,60594
2021-06-23,Selangor,43161
2021-06-23,Terengganu,7385
2021-06-23,W.P. Kuala Lumpur,39225
2021-06-23,W.P. Labuan,2744
2021-06-23,W.P. Putrajaya,1750
2021-06-24,Johor,17688
2021-06-24,Kedah,12439
2021-06-24,Kelantan,10629
2021-06-24,Melaka,8327
2021-06-24,Negeri Sembilan,9533
2021-06-24,Pahang,8967
2021-06-24,Perak,13281
2021-06-24,Perlis,3211
2021-06-24,Pulau Pinang,14397
2021-06-24,Sabah,15270
2021-06-24,Sarawak,65511
2021-06-24,Selangor,46455
2021-06-24,Terengganu,6592
2021-06-24,W.P. Kuala Lumpur,39378
2021-06-24,W.P. Labuan,2707
2021-06-24,W.P. Putrajaya,1931
2021-06-25,Johor,9028
2021-06-25,Kedah,4477
2021-06-25,Kelantan,748
2021-06-25,Melaka,9129
2021-06-25,Negeri Sembilan,8001
2021-06-25,Pahang,7036
2021-06-25,Perak,10238
2021-06-25,Perlis,2555
2021-06-25,Pulau Pinang,14079
2021-06-25,Sabah,15993
2021-06-25,Sarawak,57752
2021-06-25,Selangor,44261
2021-06-25,Terengganu,93
2021-06-25,W.P. Kuala Lumpur,34041
2021-06-25,W.P. Labuan,2396
2021-06-25,W.P. Putrajaya,1751
2021-06-26,Johor,15423
2021-06-26,Kedah,3324
2021-06-26,Kelantan,1571
2021-06-26,Melaka,7774
2021-06-26,Negeri Sembilan,2287
2021-06-26,Pahang,6102
2021-06-26,Perak,7008
2021-06-26,Perlis,1255
2021-06-26,Pulau Pinang,10833
2021-06-26,Sabah,15359
2021-06-26,Sarawak,55068
2021-06-26,Selangor,37393
2021-06-26,Terengganu,6641
2021-06-26,W.P. Kuala Lumpur,24445
2021-06-26,W.P. Labuan,2012
2021-06-26,W.P. Putrajaya,25
2021-06-27,Johor,14147
2021-06-27,Kedah,10879
2021-06-27,Kelantan,8924
2021-06-27,Melaka,599
2021-06-27,Negeri Sembilan,2130
2021-06-27,Pahang,4435
2021-06-27,Perak,7402
2021-06-27,Perlis,2198
2021-06-27,Pulau Pinang,3010
2021-06-27,Sabah,10506
2021-06-27,Sarawak,51145
2021-06-27,Selangor,28626
2021-06-27,Terengganu,7057
2021-06-27,W.P. Kuala Lumpur,24636
2021-06-27,W.P. Labuan,1383
2021-06-27,W.P. Putrajaya,13
2021-06-28,Johor,8646
2021-06-28,Kedah,7976
2021-06-28,Kelantan,6283
2021-06-28,Melaka,3064
2021-06-28,Negeri Sembilan,7745
2021-06-28,Pahang,7741
2021-06-28,Perak,7101
2021-06-28,Perlis,574
2021-06-28,Pulau Pinang,12366
2021-06-28,Sabah,10640
2021-06-28,Sarawak,53714
2021-06-28,Selangor,39428
2021-06-28,Terengganu,4839
2021-06-28,W.P. Kuala Lumpur,35183
2021-06-28,W.P. Labuan,2036
2021-06-28,W.P. Putrajaya,1265
2021-06-29,Johor,15292
2021-06-29,Kedah,9994
2021-06-29,Kelantan,9451
2021-06-29,Melaka,6521
2021-06-29,Negeri Sembilan,7696
2021-06-29,Pahang,10314
2021-06-29,Perak,8592
2021-06-29,Perlis,1160
2021-06-29,Pulau Pinang,15267
2021-06-29,Sabah,11303
2021-06-29,Sarawak,47970
2021-06-29,Selangor,49210
2021-06-29,Terengganu,4490
2021-06-29,W.P. Kuala Lumpur,41731
2021-06-29,W.P. Labuan,2453
2021-06-29,W.P. Putrajaya,1549
2021-06-30,Johor,18065
2021-06-30,Kedah,8439
2021-06-30,Kelantan,11633
2021-06-30,Melaka,8348
2021-06-30,Negeri Sembilan,9182
2021-06-30,Pahang,10817
2021-06-30,Perak,14488
2021-06-30,Perlis,1730
2021-06-30,Pulau Pinang,15476
2021-06-30,Sabah,11941
2021-06-30,Sarawak,46072
2021-06-30,Selangor,59007
2021-06-30,Terengganu,6065
2021-06-30,W.P. Kuala Lumpur,44056
2021-06-30,W.P. Labuan,2491
2021-06-30,W.P. Putrajaya,1722
2021-07-03,Johor,1206
2021-07-03,Kedah,858
2021-07-03,Kelantan,223
2021-07-03,Melaka,0
2021-07-03,Negeri Sembilan,0
2021-07-03,Pahang,656
2021-07-03,Perak,3
2021-07-03,Perlis,0
2021-07-03,Pulau Pinang,120
2021-07-03,Sabah,2363
2021-07-03,Sarawak,4312
2021-07-03,Selangor,354
2021-07-03,Terengganu,2343
2021-07-03,W.P. Kuala Lumpur,0
2021-07-03,W.P. Labuan,100
2021-07-03,W.P. Putrajaya,0
2021-07-04,Johor,2984
2021-07-04,Kedah,1948
2021-07-04,Kelantan,1731
2021-07-04,Melaka,1409
2021-07-04,Negeri Sembilan,2672
2021-07-04,Pahang,980
2021-07-04,Perak,846
2021-07-04,Perlis,30
2021-07-04,Pulau Pinang,2065
2021-07-04,Sabah,4882
2021-07-04,Sarawak,2553
2021-07-04,Selangor,4770
2021-07-04,Terengganu,254
2021-07-04,W.P. Kuala Lumpur,3144
2021-07-04,W.P. Labuan,108
2021-07-04,W.P. Putrajaya,515
2021-07-05,Johor,16
2021-07-05,Kedah,373
2021-07-05,Kelantan,2
2021-07-05,Melaka,2613
2021-07-05,Negeri Sembilan,3070
2021-07-05,Pahang,3345
2021-07-05,Perak,5705
2021-07-05,Perlis,516
2021-07-05,Pulau Pinang,2471
2021-07-05,Sabah,3056
2021-07-05,Sarawak,7788
2021-07-05,Selangor,8908
2021-07-05,Terengganu,1
2021-07-05,W.P. Kuala Lumpur,8473
2021-07-05,W.P. Labuan,515
2021-07-05,W.P. Putrajaya,833
2021-07-06,Johor,3453
2021-07-06,Kedah,2965
2021-07-06,Kelantan,495
2021-07-06,Melaka,0
2021-07-06,Negeri Sembilan,631
2021-07-06,Pahang,52
2021-07-06,Perak,654
2021-07-06,Perlis,0
2021-07-06,Pulau Pinang,1531
2021-07-06,Sabah,7577
2021-07-06,Sarawak,15153
2021-07-06,Selangor,9394
2021-07-06,Terengganu,301
2021-07-06,W.P. Kuala Lumpur,22698
2021-07-06,W.P. Labuan,51
2021-07-06,W.P. Putrajaya,751
2021-07-07,Johor,22895
2021-07-07,Kedah,15052
2021-07-07,Kelantan,16912
2021-07-07,Melaka,9469
2021-07-07,Negeri Sembilan,23032
2021-07-07,Pahang,12060
2021-07-07,Perak,23050
2021-07-07,Perlis,4406
2021-07-07,Pulau Pinang,13246
2021-07-07,Sabah,13502
2021-07-07,Sarawak,79715
2021-07-07,Selangor,87524
2021-07-07,Terengganu,10886
2021-07-07,W.P. Kuala Lumpur,57328
2021-07-07,W.P. Labuan,1626
2021-07-07,W.P. Putrajaya,2566
2021-07-08,Johor,50014
2021-07-08,Kedah,32202
2021-07-08,Kelantan,8937
2021-07-08,Melaka,17520
2021-07-08,Negeri Sembilan,22265
2021-07-08,Pahang,14313
2021-07-08,Perak,27042
2021-07-08,Perlis,1641
2021-07-08,Pulau Pinang,23385
2021-07-08,Sabah,43369
2021-07-08,Sarawak,26220
2021-07-08,Selangor,106933
2021-07-08,Terengganu,17040
2021-07-08,W.P. Kuala Lumpur,44644
2021-07-08,W.P. Labuan,523
2021-07-08,W.P. Putrajaya,3961
2021-07-09,Johor,58606
2021-07-09,Kedah,26393
2021-07-09,Kelantan,25780
2021-07-09,Melaka,15344
2021-07-09,Negeri Sembilan,7767
2021-07-09,Pahang,22665
2021-07-09,Perak,29752
2021-07-09,Perlis,1822
2021-07-09,Pulau Pinang,25472
2021-07-09,Sabah,37499
2021-07-09,Sarawak,3268
2021-07-09,Selangor,25607
2021-07-09,Terengganu,24194
2021-07-09,W.P. Kuala Lumpur,27547
2021-07-09,W.P. Labuan,231
2021-07-09,W.P. Putrajaya,550
2021-07-13,Johor,23032
2021-07-13,Kedah,19645
2021-07-13,Kelantan,16327
2021-07-13,Melaka,10753
2021-07-13,Negeri Sembilan,23814
2021-07-13,Pahang,13004
2021-07-13,Perak,11230
2021-07-13,Perlis,3622
2021-07-13,Pulau Pinang,20386
2021-07-13,Sabah,20287
2021-07-13,Sarawak,82223
2021-07-13,Selangor,102536
2021-07-13,Terengganu,12124
2021-07-13,W.P. Kuala Lumpur,71274
2021-07-13,W.P. Labuan,3061
2021-07-13,W.P. Putrajaya,3149
2021-07-14,Johor,21598
2021-07-14,Kedah,21171
2021-07-14,Kelantan,16790
2021-07-14,Melaka,10754
2021-07-14,Negeri Sembilan,24596
2021-07-14,Pahang,14041
2021-07-14,Perak,10568
2021-07-14,Perlis,3749
2021-07-14,Pulau Pinang,24575
2021-07-14,Sabah,19151
2021-07-14,Sarawak,80789
2021-07-14,Selangor,118396
2021-07-14,Terengganu,11914
2021-07-14,W.P. Kuala Lumpur,71257
2021-07-14,W.P. Labuan,2720
2021-07-14,W.P. Putrajaya,2881
2021-07-15,Johor,30493
2021-07-15,Kedah,21139
2021-07-15,Kelantan,17634
2021-07-15,Melaka,13800
2021-07-15,Negeri Sembilan,25238
2021-07-15,Pahang,14955
2021-07-15,Perak,17072
2021-07-15,Perlis,4638
2021-07-15,Pulau Pinang,25596
2021-07-15,Sabah,19631
2021-07-15,Sarawak,78614
2021-07-15,Selangor,116252
2021-07-15,Terengganu,12088
2021-07-15,W.P. Kuala Lumpur,72612
2021-07-15,W.P. Labuan,2508
2021-07-15,W.P. Putrajaya,2652
2021-07-16,Johor,18031
2021-07-16,Kedah,12153
2021-07-16,Kelantan,2196
2021-07-16,Melaka,12833
2021-07-16,Negeri Sembilan,22917
2021-07-16,Pahang,13098
2021-07-16,Perak,20759
2021-07-16,Perlis,3400
2021-07-16,Pulau Pinang,23843
2021-07-16,Sabah,21394
2021-07-16,Sarawak,71651
2021-07-16,Selangor,115800
2021-07-16,Terengganu,2476
2021-07-16,W.P. Kuala Lumpur,69241
2021-07-16,W.P. Labuan,2291
2021-07-16,W.P. Putrajaya,2543
2021-07-17,Johor,22273
2021-07-17,Kedah,13253
2021-07-17,Kelantan,2184
2021-07-17,Melaka,13146
2021-07-17,Negeri Sembilan,19207
2021-07-17,Pahang,6770
2021-07-17,Perak,14696
2021-07-17,Perlis,196
2021-07-17,Pulau Pinang,19185
2021-07-17,Sabah,23425
2021-07-17,Sarawak,68159
2021-07-17,Selangor,104229
2021-07-17,Terengganu,16200
2021-07-17,W.P. Kuala Lumpur,64675
2021-07-17,W.P. Labuan,2125
2021-07-17,W.P. Putrajaya,2304
2021-07-18,Johor,17219
2021-07-18,Kedah,19470
2021-07-18,Kelantan,16427
2021-07-18,Melaka,2851
2021-07-18,Negeri Sembilan,18907
2021-07-18,Pahang,2498
2021-07-18,Perak,13040
2021-07-18,Perlis,3240
2021-07-18,Pulau Pinang,17902
2021-07-18,Sabah,14430
2021-07-18,Sarawak,55631
2021-07-18,Selangor,94223
2021-07-18,Terengganu,7828
2021-07-18,W.P. Kuala Lumpur,65758
2021-07-18,W.P. Labuan,2027
2021-07-18,W.P. Putrajaya,2880
2021-07-19,Johor,26926
2021-07-19,Kedah,15516
2021-07-19,Kelantan,17528
2021-07-19,Melaka,12424
2021-07-19,Negeri Sembilan,16986
2021-07-19,Pahang,15177
2021-07-19,Perak,16894
2021-07-19,Perlis,1396
2021-07-19,Pulau Pinang,22471
2021-07-19,Sabah,20633
2021-07-19,Sarawak,57871
2021-07-19,Selangor,122530
2021-07-19,Terengganu,5881
2021-07-19,W.P. Kuala Lumpur,81752
2021-07-19,W.P. Labuan,2425
2021-07-19,W.P. Putrajaya,2923
2021-07-20,Johor,28117
2021-07-20,Kedah,1750
2021-07-20,Kelantan,64
2021-07-20,Melaka,3098
2021-07-20,Negeri Sembilan,8392
2021-07-20,Pahang,1925
2021-07-20,Perak,4699
2021-07-20,Perlis,92
2021-07-20,Pulau Pinang,14638
2021-07-20,Sabah,9968
2021-07-20,Sarawak,50931
2021-07-20,Selangor,111152
2021-07-20,Terengganu,781
2021-07-20,W.P. Kuala Lumpur,71528
2021-07-20,W.P. Labuan,59
2021-07-20,W.P. Putrajaya,2641
2021-07-21,Johor,38856
2021-07-21,Kedah,5902
2021-07-21,Kelantan,1671
2021-07-21,Melaka,12025
2021-07-21,Negeri Sembilan,18730
2021-07-21,Pahang,18400
2021-07-21,Perak,21860
2021-07-21,Perlis,153
2021-07-21,Pulau Pinang,24711
2021-07-21,Sabah,28475
2021-07-21,Sarawak,61057
2021-07-21,Selangor,131494
2021-07-21,Terengganu,7593
2021-07-21,W.P. Kuala Lumpur,79993
2021-07-21,W.P. Labuan,2732
2021-07-21,W.P. Putrajaya,3028
2021-07-22,Johor,36499
2021-07-22,Kedah,16344
2021-07-22,Kelantan,15334
2021-07-22,Melaka,13208
2021-07-22,Negeri Sembilan,24128
2021-07-22,Pahang,18977
2021-07-22,Perak,31934
2021-07-22,Perlis,3072
2021-07-22,Pulau Pinang,30143
2021-07-22,Sabah,32585
2021-07-22,Sarawak,55985
2021-07-22,Selangor,135629
2021-07-22,Terengganu,9019
2021-07-22,W.P. Kuala Lumpur,88723
2021-07-22,W.P. Labuan,2229
2021-07-22,W.P. Putrajaya,3841
2021-07-23,Johor,30292
2021-07-23,Kedah,12872
2021-07-23,Kelantan,1628
2021-07-23,Melaka,12844
2021-07-23,Negeri Sembilan,22184
2021-07-23,Pahang,15263
2021-07-23,Perak,32164
2021-07-23,Perlis,3390
2021-07-23,Pulau Pinang,30125
2021-07-23,Sabah,36111
2021-07-23,Sarawak,48958
2021-07-23,Selangor,136912
2021-07-23,Terengganu,2587
2021-07-23,W.P. Kuala Lumpur,87612
2021-07-23,W.P. Labuan,1589
2021-07-23,W.P. Putrajaya,2976
2021-07-24,Johor,31074
2021-07-24,Kedah,15395
2021-07-24,Kelantan,764
2021-07-24,Melaka,10400
2021-07-24,Negeri Sembilan,18290
2021-07-24,Pahang,14939
2021-07-24,Perak,28795
2021-07-24,Perlis,2125
2021-07-24,Pulau Pinang,24881
2021-07-24,Sabah,30940
2021-07-24,Sarawak,47544
2021-07-24,Selangor,117563
2021-07-24,Terengganu,8805
2021-07-24,W.P. Kuala Lumpur,74113
2021-07-24,W.P. Labuan,1335
2021-07-24,W.P. Putrajaya,3030
2021-07-25,Johor,37227
2021-07-25,Kedah,20912
2021-07-25,Kelantan,18499
2021-07-25,Melaka,1969
2021-07-25,Negeri Sembilan,12820
2021-07-25,Pahang,9785
2021-07-25,Perak,25746
2021-07-25,Perlis,2423
2021-07-25,Pulau Pinang,23358
2021-07-25,Sabah,27462
2021-07-25,Sarawak,33487
2021-07-25,Selangor,109668
2021-07-25,Terengganu,13151
2021-07-25,W.P. Kuala Lumpur,73299
2021-07-25,W.P. Labuan,1418
2021-07-25,W.P. Putrajaya,2695
2021-07-26,Johor,46198
2021-07-26,Kedah,25292
2021-07-26,Kelantan,23624
2021-07-26,Melaka,15085
2021-07-26,Negeri Sembilan,23664
2021-07-26,Pahang,24670
2021-07-26,Perak,32537
2021-07-26,Perlis,3233
2021-07-26,Pulau Pinang,27792
2021-07-26,Sabah,28558
2021-07-26,Sarawak,39965
2021-07-26,Selangor,138184
2021-07-26,Terengganu,15097
2021-07-26,W.P. Kuala Lumpur,86338
2021-07-26,W.P. Labuan,1349
2021-07-26,W.P. Putrajaya,4107
2021-07-27,Johor,46325
2021-07-27,Kedah,26548
2021-07-27,Kelantan,25241
2021-07-27,Melaka,17395
2021-07-27,Negeri Sembilan,24983
2021-07-27,Pahang,27636
2021-07-27,Perak,30808
2021-07-27,Perlis,3769
2021-07-27,Pulau Pinang,30827
2021-07-27,Sabah,32409
2021-07-27,Sarawak,37563
2021-07-27,Selangor,150710
2021-07-27,Terengganu,15559
2021-07-27,W.P. Kuala Lumpur,95232
2021-07-27,W.P. Labuan,1070
2021-07-27,W.P. Putrajaya,4300
2021-07-28,Johor,42524
2021-07-28,Kedah,27440
2021-07-28,Kelantan,25592
2021-07-28,Melaka,15242
2021-07-28,Negeri Sembilan,25944
2021-07-28,Pahang,26498
2021-07-28,Perak,31694
2021-07-28,Perlis,4808
2021-07-28,Pulau Pinang,29058
2021-07-28,Sabah,34142
2021-07-28,Sarawak,38973
2021-07-28,Selangor,163968
2021-07-28,Terengganu,16052
2021-07-28,W.P. Kuala Lumpur,92640
2021-07-28,W.P. Labuan,968
2021-07-28,W.P. Putrajaya,4231
2021-07-29,Johor,49154
2021-07-29,Kedah,26279
2021-07-29,Kelantan,24878
2021-07-29,Melaka,14453
2021-07-29,Negeri Sembilan,28930
2021-07-29,Pahang,28033
2021-07-29,Perak,31094
2021-07-29,Perlis,4156
2021-07-29,Pulau Pinang,28053
2021-07-29,Sabah,37546
2021-07-29,Sarawak,33173
2021-07-29,Selangor,164121
2021-07-29,Terengganu,16163
2021-07-29,W.P. Kuala Lumpur,86860
2021-07-29,W.P. Labuan,657
2021-07-29,W.P. Putrajaya,3726
2021-07-30,Johor,46466
2021-07-30,Kedah,16446
2021-07-30,Kelantan,2346
2021-07-30,Melaka,14849
2021-07-30,Negeri Sembilan,27068
2021-07-30,Pahang,15787
2021-07-30,Perak,31978
2021-07-30,Perlis,2463
2021-07-30,Pulau Pinang,26388
2021-07-30,Sabah,38328
2021-07-30,Sarawak,30312
2021-07-30,Selangor,174722
2021-07-30,Terengganu,5301
2021-07-30,W.P. Kuala Lumpur,92883
2021-07-30,W.P. Labuan,739
2021-07-30,W.P. Putrajaya,5744
2021-07-31,Johor,50565
2021-07-31,Kedah,19458
2021-07-31,Kelantan,3881
2021-07-31,Melaka,13776
2021-07-31,Negeri Sembilan,23300
2021-07-31,Pahang,19755
2021-07-31,Perak,29069
2021-07-31,Perlis,1938
2021-07-31,Pulau Pinang,21539
2021-07-31,Sabah,46125
2021-07-31,Sarawak,35856
2021-07-31,Selangor,163230
2021-07-31,Terengganu,21663
2021-07-31,W.P. Kuala Lumpur,82063
2021-07-31,W.P. Labuan,686
2021-07-31,W.P. Putrajaya,5244
2021-08-03,Johor,3028
2021-08-03,Kedah,3110
2021-08-03,Kelantan,1196
2021-08-03,Melaka,99
2021-08-03,Negeri Sembilan,1123
2021-08-03,Pahang,1051
2021-08-03,Perak,2243
2021-08-03,Perlis,840
2021-08-03,Pulau Pinang,1201
2021-08-03,Sabah,2041
2021-08-03,Sarawak,3142
2021-08-03,Selangor,3011
2021-08-03,Terengganu,2229
2021-08-03,W.P. Kuala Lumpur,2499
2021-08-03,W.P. Labuan,31
2021-08-03,W.P. Putrajaya,284
2021-08-04,Johor,3305
2021-08-04,Kedah,860
2021-08-04,Kelantan,1131
2021-08-04,Melaka,1078
2021-08-04,Negeri Sembilan,2562
2021-08-04,Pahang,867
2021-08-04,Perak,721
2021-08-04,Perlis,36
2021-08-04,Pulau Pinang,2339
2021-08-04,Sabah,3585
2021-08-04,Sarawak,1428
2021-08-04,Selangor,4156
2021-08-04,Terengganu,142
2021-08-04,W.P. Kuala Lumpur,3861
2021-08-04,W.P. Labuan,158
2021-08-04,W.P. Putrajaya,569
2021-08-05,Johor,2112
2021-08-05,Kedah,695
2021-08-05,Kelantan,70
2021-08-05,Melaka,811
2021-08-05,Negeri Sembilan,385
2021-08-05,Pahang,2103
2021-08-05,Perak,4259
2021-08-05,Perlis,0
2021-08-05,Pulau Pinang,450
2021-08-05,Sabah,2164
2021-08-05,Sarawak,7939
2021-08-05,Selangor,3069
2021-08-05,Terengganu,0
2021-08-05,W.P. Kuala Lumpur,2539
2021-08-05,W.P. Labuan,416
2021-08-05,W.P. Putrajaya,2
2021-08-06,Johor,18326
2021-08-06,Kedah,10180
2021-08-06,Kelantan,9979
2021-08-06,Melaka,3755
2021-08-06,Negeri Sembilan,6554
2021-08-06,Pahang,6533
2021-08-06,Perak,9932
2021-08-06,Perlis,1770
2021-08-06,Pulau Pinang,7620
2021-08-06,Sabah,12035
2021-08-06,Sarawak,12446
2021-08-06,Selangor,23446
2021-08-06,Terengganu,3890
2021-08-06,W.P. Kuala Lumpur,25659
2021-08-06,W.P. Labuan,526
2021-08-06,W.P. Putrajaya,1542
2021-08-07,Johor,23665
2021-08-07,Kedah,15724
2021-08-07,Kelantan,14665
2021-08-07,Melaka,9143
2021-08-07,Negeri Sembilan,22875
2021-08-07,Pahang,11236
2021-08-07,Perak,22147
2021-08-07,Perlis,3309
2021-08-07,Pulau Pinang,17510
2021-08-07,Sabah,11969
2021-08-07,Sarawak,75473
2021-08-07,Selangor,91987
2021-08-07,Terengganu,9671
2021-08-07,W.P. Kuala Lumpur,53443
2021-08-07,W.P. Labuan,2715
2021-08-07,W.P. Putrajaya,2523
2021-08-08,Johor,51495
2021-08-08,Kedah,35481
2021-08-08,Kelantan,24168
2021-08-08,Melaka,4761
2021-08-08,Negeri Sembilan,20879
2021-08-08,Pahang,7332
2021-08-08,Perak,26946
2021-08-08,Perlis,1513
2021-08-08,Pulau Pinang,23033
2021-08-08,Sabah,33843
2021-08-08,Sarawak,20508
2021-08-08,Selangor,96724
2021-08-08,Terengganu,10250
2021-08-08,W.P. Kuala Lumpur,42422
2021-08-08,W.P. Labuan,16
2021-08-08,W.P. Putrajaya,4345
2021-08-09,Johor,55814
2021-08-09,Kedah,24044
2021-08-09,Kelantan,22211
2021-08-09,Melaka,15762
2021-08-09,Negeri Sembilan,10822
2021-08-09,Pahang,21495
2021-08-09,Perak,31751
2021-08-09,Perlis,1955
2021-08-09,Pulau Pinang,27197
2021-08-09,Sabah,35200
2021-08-09,Sarawak,8365
2021-08-09,Selangor,23876
2021-08-09,Terengganu,22152
2021-08-09,W.P. Kuala Lumpur,25872
2021-08-09,W.P. Labuan,142
2021-08-09,W.P. Putrajaya,612
2021-08-13,Johor,68466
2021-08-13,Kedah,21639
2021-08-13,Kelantan,1806
2021-08-13,Melaka,13384
2021-08-13,Negeri Sembilan,21838
2021-08-13,Pahang,20029
2021-08-13,Perak,32261
2021-08-13,Perlis,3078
2021-08-13,Pulau Pinang,35363
2021-08-13,Sabah,52945
2021-08-13,Sarawak,15082
2021-08-13,Selangor,127803
2021-08-13,Terengganu,4652
2021-08-13,W.P. Kuala Lumpur,60083
2021-08-13,W.P. Labuan,482
2021-08-13,W.P. Putrajaya,1996
2021-08-14,Johor,63696
2021-08-14,Kedah,24079
2021-08-14,Kelantan,979
2021-08-14,Melaka,12088
2021-08-14,Negeri Sembilan,19373
2021-08-14,Pahang,14032
2021-08-14,Perak,28849
2021-08-14,Perlis,3237
2021-08-14,Pulau Pinang,30865
2021-08-14,Sabah,50168
2021-08-14,Sarawak,24116
2021-08-14,Selangor,107589
2021-08-14,Terengganu,17581
2021-08-14,W.P. Kuala Lumpur,54431
2021-08-14,W.P. Labuan,289
2021-08-14,W.P. Putrajaya,2100
2021-08-15,Johor,61937
2021-08-15,Kedah,24244
2021-08-15,Kelantan,20978
2021-08-15,Melaka,4090
2021-08-15,Negeri Sembilan,13831
2021-08-15,Pahang,11350
2021-08-15,Perak,21884
2021-08-15,Perlis,3177
2021-08-15,Pulau Pinang,25830
2021-08-15,Sabah,44428
2021-08-15,Sarawak,17976
2021-08-15,Selangor,98646
2021-08-15,Terengganu,23451
2021-08-15,W.P. Kuala Lumpur,51845
2021-08-15,W.P. Labuan,11
2021-08-15,W.P. Putrajaya,1592
2021-08-16,Johor,70618
2021-08-16,Kedah,26607
2021-08-16,Kelantan,27187
2021-08-16,Melaka,19349
2021-08-16,Negeri Sembilan,22418
2021-08-16,Pahang,23951
2021-08-16,Perak,27890
2021-08-16,Perlis,3301
2021-08-16,Pulau Pinang,29943
2021-08-16,Sabah,55650
2021-08-16,Sarawak,14537
2021-08-16,Selangor,100659
2021-08-16,Terengganu,25856
2021-08-16,W.P. Kuala Lumpur,60590
2021-08-16,W.P. Labuan,839
2021-08-16,W.P. Putrajaya,2952
2021-08-17,Johor,72702
2021-08-17,Kedah,27873
2021-08-17,Kelantan,27466
2021-08-17,Melaka,19321
2021-08-17,Negeri Sembilan,21027
2021-08-17,Pahang,28676
2021-08-17,Perak,29417
2021-08-17,Perlis,3446
2021-08-17,Pulau Pinang,31354
2021-08-17,Sabah,60003
2021-08-17,Sarawak,14628
2021-08-17,Selangor,102335
2021-08-17,Terengganu,28718
2021-08-17,W.P. Kuala Lumpur,66042
2021-08-17,W.P. Labuan,616
2021-08-17,W.P. Putrajaya,2609
2021-08-18,Johor,70281
2021-08-18,Kedah,29877
2021-08-18,Kelantan,29175
2021-08-18,Melaka,19343
2021-08-18,Negeri Sembilan,18181
2021-08-18,Pahang,24900
2021-08-18,Perak,28186
2021-08-18,Perlis,3675
2021-08-18,Pulau Pinang,31461
2021-08-18,Sabah,59467
2021-08-18,Sarawak,12635
2021-08-18,Selangor,125258
2021-08-18,Terengganu,28221
2021-08-18,W.P. Kuala Lumpur,70910
2021-08-18,W.P. Labuan,412
2021-08-18,W.P. Putrajaya,3109
2021-08-19,Johor,72295
2021-08-19,Kedah,27083
2021-08-19,Kelantan,28731
2021-08-19,Melaka,17732
2021-08-19,Negeri Sembilan,17124
2021-08-19,Pahang,24727
2021-08-19,Perak,27668
2021-08-19,Perlis,3429
2021-08-19,Pulau Pinang,30675
2021-08-19,Sabah,56998
2021-08-19,Sarawak,12094
2021-08-19,Selangor,112070
2021-08-19,Terengganu,26376
2021-08-19,W.P. Kuala Lumpur,71366
2021-08-19,W.P. Labuan,381
2021-08-19,W.P. Putrajaya,2547
2021-08-20,Johor,68102
2021-08-20,Kedah,23496
2021-08-20,Kelantan,3155
2021-08-20,Melaka,19457
2021-08-20,Negeri Sembilan,18157
2021-08-20,Pahang,23762
2021-08-20,Perak,28759
2021-08-20,Perlis,2158
2021-08-20,Pulau Pinang,33879
2021-08-20,Sabah,53464
2021-08-20,Sarawak,13839
2021-08-20,Selangor,119719
2021-08-20,Terengganu,5812
2021-08-20,W.P. Kuala Lumpur,74580
2021-08-20,W.P. Labuan,333
2021-08-20,W.P. Putrajaya,4149
2021-08-21,Johor,64761
2021-08-21,Kedah,28754
2021-08-21,Kelantan,4535
2021-08-21,Melaka,16037
2021-08-21,Negeri Sembilan,8987
2021-08-21,Pahang,22864
2021-08-21,Perak,24067
2021-08-21,Perlis,2454
2021-08-21,Pulau Pinang,29510
2021-08-21,Sabah,53275
2021-08-21,Sarawak,13526
2021-08-21,Selangor,118645
2021-08-21,Terengganu,16270
2021-08-21,W.P. Kuala Lumpur,73805
2021-08-21,W.P. Labuan,244
2021-08-21,W.P. Putrajaya,2965
2021-08-22,Johor,65470
2021-08-22,Kedah,29257
2021-08-22,Kelantan,23437
2021-08-22,Melaka,4275
2021-08-22,Negeri Sembilan,9737
2021-08-22,Pahang,11651
2021-08-22,Perak,20626
2021-08-22,Perlis,2403
2021-08-22,Pulau Pinang,25679
2021-08-22,Sabah,42007
2021-08-22,Sarawak,11204
2021-08-22,Selangor,118849
2021-08-22,Terengganu,19235
2021-08-22,W.P. Kuala Lumpur,62969
2021-08-22,W.P. Labuan,10
2021-08-22,W.P. Putrajaya,2580
2021-08-23,Johor,71072
2021-08-23,Kedah,33541
2021-08-23,Kelantan,26690
2021-08-23,Melaka,13940
2021-08-23,Negeri Sembilan,14809
2021-08-23,Pahang,19112
2021-08-23,Perak,26489
2021-08-23,Perlis,4979
2021-08-23,Pulau Pinang,34899
2021-08-23,Sabah,46854
2021-08-23,Sarawak,11223
2021-08-23,Selangor,46254
2021-08-23,Terengganu,21161
2021-08-23,W.P. Kuala Lumpur,28451
2021-08-23,W.P. Labuan,462
2021-08-23,W.P. Putrajaya,3147
2021-08-24,Johor,71235
2021-08-24,Kedah,35087
2021-08-24,Kelantan,29842
2021-08-24,Melaka,14817
2021-08-24,Negeri Sembilan,16128
2021-08-24,Pahang,27882
2021-08-24,Perak,38066
2021-08-24,Perlis,4728
2021-08-24,Pulau Pinang,35875
2021-08-24,Sabah,50126
2021-08-24,Sarawak,7836
2021-08-24,Selangor,45894
2021-08-24,Terengganu,21996
2021-08-24,W.P. Kuala Lumpur,27892
2021-08-24,W.P. Labuan,258
2021-08-24,W.P. Putrajaya,1490
2021-08-25,Johor,69360
2021-08-25,Kedah,35634
2021-08-25,Kelantan,32486
2021-08-25,Melaka,18144
2021-08-25,Negeri Sembilan,16857
2021-08-25,Pahang,23087
2021-08-25,Perak,40063
2021-08-25,Perlis,5343
2021-08-25,Pulau Pinang,30996
2021-08-25,Sabah,52558
2021-08-25,Sarawak,6119
2021-08-25,Selangor,48325
2021-08-25,Terengganu,21930
2021-08-25,W.P. Kuala Lumpur,27877
2021-08-25,W.P. Labuan,256
2021-08-25,W.P. Putrajaya,2794
2021-08-26,Johor,64325
2021-08-26,Kedah,35432
2021-08-26,Kelantan,32489
2021-08-26,Melaka,18170
2021-08-26,Negeri Sembilan,15583
2021-08-26,Pahang,19275
2021-08-26,Perak,38580
2021-08-26,Perlis,2624
2021-08-26,Pulau Pinang,30289
2021-08-26,Sabah,53042
2021-08-26,Sarawak,9385
2021-08-26,Selangor,49979
2021-08-26,Terengganu,20744
2021-08-26,W.P. Kuala Lumpur,25829
2021-08-26,W.P. Labuan,171
2021-08-26,W.P. Putrajaya,2733
2021-08-27,Johor,58561
2021-08-27,Kedah,33020
2021-08-27,Kelantan,8672
2021-08-27,Melaka,16211
2021-08-27,Negeri Sembilan,14110
2021-08-27,Pahang,22815
2021-08-27,Perak,38255
2021-08-27,Perlis,2077
2021-08-27,Pulau Pinang,24384
2021-08-27,Sabah,48999
2021-08-27,Sarawak,5538
2021-08-27,Selangor,46133
2021-08-27,Terengganu,3132
2021-08-27,W.P. Kuala Lumpur,26331
2021-08-27,W.P. Labuan,222
2021-08-27,W.P. Putrajaya,2340
2021-08-28,Johor,60678
2021-08-28,Kedah,32077
2021-08-28,Kelantan,17530
2021-08-28,Melaka,18705
2021-08-28,Negeri Sembilan,12551
2021-08-28,Pahang,16662
2021-08-28,Perak,26679
2021-08-28,Perlis,2670
2021-08-28,Pulau Pinang,22030
2021-08-28,Sabah,46062
2021-08-28,Sarawak,4573
2021-08-28,Selangor,44094
2021-08-28,Terengganu,15626
2021-08-28,W.P. Kuala Lumpur,25274
2021-08-28,W.P. Labuan,186
2021-08-28,W.P. Putrajaya,1956
2021-08-29,Johor,58729
2021-08-29,Kedah,31430
2021-08-29,Kelantan,29005
2021-08-29,Melaka,5306
2021-08-29,Negeri Sembilan,8947
2021-08-29,Pahang,12057
2021-08-29,Perak,27950
2021-08-29,Perlis,2356
2021-08-29,Pulau Pinang,19757
2021-08-29,Sabah,38915
2021-08-29,Sarawak,2467
2021-08-29,Selangor,40061
2021-08-29,Terengganu,13503
2021-08-29,W.P. Kuala Lumpur,21414
2021-08-29,W.P. Labuan,12
2021-08-29,W.P. Putrajaya,1582
2021-08-30,Johor,58037
2021-08-30,Kedah,37560
2021-08-30,Kelantan,33802
2021-08-30,Melaka,12638
2021-08-30,Negeri Sembilan,13026
2021-08-30,Pahang,21181
2021-08-30,Perak,34290
2021-08-30,Perlis,2365
2021-08-30,Pulau Pinang,24767
2021-08-30,Sabah,41322
2021-08-30,Sarawak,3464
2021-08-30,Selangor,38109
2021-08-30,Terengganu,14172
2021-08-30,W.P. Kuala Lumpur,34480
2021-08-30,W.P. Labuan,353
2021-08-30,W.P. Putrajaya,672
2021-08-31,Johor,55066
2021-08-31,Kedah,23301
2021-08-31,Kelantan,16024
2021-08-31,Melaka,9880
2021-08-31,Negeri Sembilan,3503
2021-08-31,Pahang,9113
2021-08-31,Perak,10816
2021-08-31,Perlis,735
2021-08-31,Pulau Pinang,20003
2021-08-31,Sabah,42640
2021-08-31,Sarawak,1228
2021-08-31,Selangor,36605
2021-08-31,Terengganu,18359
2021-08-31,W.P. Kuala Lumpur,23034
2021-08-31,W.P. Labuan,15
2021-08-31,W.P. Putrajaya,332
2021-09-03,Johor,2100
2021-09-03,Kedah,2299
2021-09-03,Kelantan,1019
2021-09-03,Melaka,954
2021-09-03,Negeri Sembilan,2410
2021-09-03,Pahang,943
2021-09-03,Perak,2906
2021-09-03,Perlis,1100
2021-09-03,Pulau Pinang,1379
2021-09-03,Sabah,2998
2021-09-03,Sarawak,2112
2021-09-03,Selangor,3895
2021-09-03,Terengganu,2183
2021-09-03,W.P. Kuala Lumpur,3291
2021-09-03,W.P. Labuan,26
2021-09-03,W.P. Putrajaya,369
2021-09-04,Johor,0
2021-09-04,Kedah,690
2021-09-04,Kelantan,0
2021-09-04,Melaka,514
2021-09-04,Negeri Sembilan,816
2021-09-04,Pahang,2444
2021-09-04,Perak,3547
2021-09-04,Perlis,1121
2021-09-04,Pulau Pinang,2379
2021-09-04,Sabah,2621
2021-09-04,Sarawak,357
2021-09-04,Selangor,3788
2021-09-04,Terengganu,0
2021-09-04,W.P. Kuala Lumpur,2634
2021-09-04,W.P. Labuan,155
2021-09-04,W.P. Putrajaya,455
2021-09-05,Johor,6649
2021-09-05,Kedah,3393
2021-09-05,Kelantan,2686
2021-09-05,Melaka,0
2021-09-05,Negeri Sembilan,0
2021-09-05,Pahang,1
2021-09-05,Perak,4397
2021-09-05,Perlis,0
2021-09-05,Pulau Pinang,243
2021-09-05,Sabah,827
2021-09-05,Sarawak,7277
2021-09-05,Selangor,1577
2021-09-05,Terengganu,2803
2021-09-05,W.P. Kuala Lumpur,2535
2021-09-05,W.P. Labuan,0
2021-09-05,W.P. Putrajaya,0
2021-09-06,Johor,18623
2021-09-06,Kedah,10301
2021-09-06,Kelantan,11018
2021-09-06,Melaka,3917
2021-09-06,Negeri Sembilan,5917
2021-09-06,Pahang,8069
2021-09-06,Perak,10720
2021-09-06,Perlis,2221
2021-09-06,Pulau Pinang,8465
2021-09-06,Sabah,13477
2021-09-06,Sarawak,9137
2021-09-06,Selangor,25122
2021-09-06,Terengganu,4808
2021-09-06,W.P. Kuala Lumpur,22720
2021-09-06,W.P. Labuan,648
2021-09-06,W.P. Putrajaya,1424
2021-09-07,Johor,15548
2021-09-07,Kedah,6446
2021-09-07,Kelantan,447
2021-09-07,Melaka,8850
2021-09-07,Negeri Sembilan,21345
2021-09-07,Pahang,7255
2021-09-07,Perak,26054
2021-09-07,Perlis,2381
2021-09-07,Pulau Pinang,16729
2021-09-07,Sabah,14730
2021-09-07,Sarawak,69876
2021-09-07,Selangor,97236
2021-09-07,Terengganu,2515
2021-09-07,W.P. Kuala Lumpur,53517
2021-09-07,W.P. Labuan,2615
2021-09-07,W.P. Putrajaya,2434
2021-09-08,Johor,51217
2021-09-08,Kedah,35890
2021-09-08,Kelantan,24459
2021-09-08,Melaka,13660
2021-09-08,Negeri Sembilan,19995
2021-09-08,Pahang,14635
2021-09-08,Perak,32034
2021-09-08,Perlis,3816
2021-09-08,Pulau Pinang,27327
2021-09-08,Sabah,42016
2021-09-08,Sarawak,22180
2021-09-08,Selangor,112645
2021-09-08,Terengganu,10234
2021-09-08,W.P. Kuala Lumpur,63104
2021-09-08,W.P. Labuan,1530
2021-09-08,W.P. Putrajaya,1641
2021-09-09,Johor,48800
2021-09-09,Kedah,22409
2021-09-09,Kelantan,20697
2021-09-09,Melaka,14643
2021-09-09,Negeri Sembilan,9867
2021-09-09,Pahang,23933
2021-09-09,Perak,31783
2021-09-09,Perlis,2441
2021-09-09,Pulau Pinang,28940
2021-09-09,Sabah,35412
2021-09-09,Sarawak,13483
2021-09-09,Selangor,25820
2021-09-09,Terengganu,20838
2021-09-09,W.P. Kuala Lumpur,28620
2021-09-09,W.P. Labuan,97
2021-09-09,W.P. Putrajaya,653
2021-09-13,Johor,38553
2021-09-13,Kedah,20932
2021-09-13,Kelantan,9445
2021-09-13,Melaka,4264
2021-09-13,Negeri Sembilan,10034
2021-09-13,Pahang,10204
2021-09-13,Perak,27778
2021-09-13,Perlis,3665
2021-09-13,Pulau Pinang,15450
2021-09-13,Sabah,24091
2021-09-13,Sarawak,4739
2021-09-13,Selangor,21923
2021-09-13,Terengganu,14415
2021-09-13,W.P. Kuala Lumpur,20374
2021-09-13,W.P. Labuan,345
2021-09-13,W.P. Putrajaya,935
2021-09-14,Johor,46373
2021-09-14,Kedah,22756
2021-09-14,Kelantan,14057
2021-09-14,Melaka,4932
2021-09-14,Negeri Sembilan,8787
2021-09-14,Pahang,11271
2021-09-14,Perak,28887
2021-09-14,Perlis,5297
2021-09-14,Pulau Pinang,13544
2021-09-14,Sabah,26483
2021-09-14,Sarawak,4191
2021-09-14,Selangor,18352
2021-09-14,Terengganu,16975
2021-09-14,W.P. Kuala Lumpur,21305
2021-09-14,W.P. Labuan,190
2021-09-14,W.P. Putrajaya,571
2021-09-15,Johor,46184
2021-09-15,Kedah,24231
2021-09-15,Kelantan,17611
2021-09-15,Melaka,3779
2021-09-15,Negeri Sembilan,10019
2021-09-15,Pahang,11003
2021-09-15,Perak,28322
2021-09-15,Perlis,4566
2021-09-15,Pulau Pinang,16587
2021-09-15,Sabah,24417
2021-09-15,Sarawak,4102
2021-09-15,Selangor,21658
2021-09-15,Terengganu,16166
2021-09-15,W.P. Kuala Lumpur,19300
2021-09-15,W.P. Labuan,151
2021-09-15,W.P. Putrajaya,714
2021-09-16,Johor,40673
2021-09-16,Kedah,17059
2021-09-16,Kelantan,7474
2021-09-16,Melaka,3910
2021-09-16,Negeri Sembilan,2364
2021-09-16,Pahang,6184
2021-09-16,Perak,19070
2021-09-16,Perlis,130
2021-09-16,Pulau Pinang,15599
2021-09-16,Sabah,40135
2021-09-16,Sarawak,2761
2021-09-16,Selangor,16443
2021-09-16,Terengganu,13917
2021-09-16,W.P. Kuala Lumpur,16577
2021-09-16,W.P. Labuan,2
2021-09-16,W.P. Putrajaya,0
2021-09-17,Johor,32874
2021-09-17,Kedah,17903
2021-09-17,Kelantan,6666
2021-09-17,Melaka,5002
2021-09-17,Negeri Sembilan,10552
2021-09-17,Pahang,9754
2021-09-17,Perak,32509
2021-09-17,Perlis,2621
2021-09-17,Pulau Pinang,17880
2021-09-17,Sabah,54713
2021-09-17,Sarawak,4483
2021-09-17,Selangor,21256
2021-09-17,Terengganu,1297
2021-09-17,W.P. Kuala Lumpur,19548
2021-09-17,W.P. Labuan,120
2021-09-17,W.P. Putrajaya,824
2021-09-18,Johor,42785
2021-09-18,Kedah,17570
2021-09-18,Kelantan,10864
2021-09-18,Melaka,6342
2021-09-18,Negeri Sembilan,7314
2021-09-18,Pahang,10385
2021-09-18,Perak,20493
2021-09-18,Perlis,1254
2021-09-18,Pulau Pinang,13762
2021-09-18,Sabah,53286
2021-09-18,Sarawak,3500
2021-09-18,Selangor,15696
2021-09-18,Terengganu,9457
2021-09-18,W.P. Kuala Lumpur,19781
2021-09-18,W.P. Labuan,70
2021-09-18,W.P. Putrajaya,0
2021-09-19,Johor,38719
2021-09-19,Kedah,20322
2021-09-19,Kelantan,23347
2021-09-19,Melaka,3048
2021-09-19,Negeri Sembilan,5813
2021-09-19,Pahang,5081
2021-09-19,Perak,20876
2021-09-19,Perlis,1552
2021-09-19,Pulau Pinang,14910
2021-09-19,Sabah,42600
2021-09-19,Sarawak,1718
2021-09-19,Selangor,13901
2021-09-19,Terengganu,9055
2021-09-19,W.P. Kuala Lumpur,18126
2021-09-19,W.P. Labuan,13
2021-09-19,W.P. Putrajaya,0
2021-09-20,Johor,45195
2021-09-20,Kedah,28331
2021-09-20,Kelantan,27796
2021-09-20,Melaka,6760
2021-09-20,Negeri Sembilan,6861
2021-09-20,Pahang,22682
2021-09-20,Perak,29550
2021-09-20,Perlis,3243
2021-09-20,Pulau Pinang,13802
2021-09-20,Sabah,48150
2021-09-20,Sarawak,2568
2021-09-20,Selangor,18149
2021-09-20,Terengganu,11038
2021-09-20,W.P. Kuala Lumpur,24317
2021-09-20,W.P. Labuan,180
2021-09-20,W.P. Putrajaya,996
2021-09-21,Johor,53370
2021-09-21,Kedah,28684
2021-09-21,Kelantan,23107
2021-09-21,Melaka,8716
2021-09-21,Negeri Sembilan,3628
2021-09-21,Pahang,20198
2021-09-21,Perak,22891
2021-09-21,Perlis,2547
2021-09-21,Pulau Pinang,12066
2021-09-21,Sabah,39693
2021-09-21,Sarawak,1128
2021-09-21,Selangor,16695
2021-09-21,Terengganu,13122
2021-09-21,W.P. Kuala Lumpur,15118
2021-09-21,W.P. Labuan,53
2021-09-21,W.P. Putrajaya,239
2021-09-22,Johor,51710
2021-09-22,Kedah,26673
2021-09-22,Kelantan,28567
2021-09-22,Melaka,15951
2021-09-22,Negeri Sembilan,10570
2021-09-22,Pahang,28089
2021-09-22,Perak,35900
2021-09-22,Perlis,3019
2021-09-22,Pulau Pinang,13122
2021-09-22,Sabah,44012
2021-09-22,Sarawak,1916
2021-09-22,Selangor,20950
2021-09-22,Terengganu,15984
2021-09-22,W.P. Kuala Lumpur,22803
2021-09-22,W.P. Labuan,1286
2021-09-22,W.P. Putrajaya,790
2021-09-23,Johor,40753
2021-09-23,Kedah,31796
2021-09-23,Kelantan,31376
2021-09-23,Melaka,15790
2021-09-23,Negeri Sembilan,11665
2021-09-23,Pahang,21849
2021-09-23,Perak,38876
2021-09-23,Perlis,3356
2021-09-23,Pulau Pinang,17461
2021-09-23,Sabah,42458
2021-09-23,Sarawak,3080
2021-09-23,Selangor,29164
2021-09-23,Terengganu,15707
2021-09-23,W.P. Kuala Lumpur,20880
2021-09-23,W.P. Labuan,1310
2021-09-23,W.P. Putrajaya,1091
2021-09-24,Johor,37778
2021-09-24,Kedah,18757
2021-09-24,Kelantan,11473
2021-09-24,Melaka,15704
2021-09-24,Negeri Sembilan,9136
2021-09-24,Pahang,24769
2021-09-24,Perak,34554
2021-09-24,Perlis,3141
2021-09-24,Pulau Pinang,16162
2021-09-24,Sabah,34594
2021-09-24,Sarawak,4370
2021-09-24,Selangor,33135
2021-09-24,Terengganu,5652
2021-09-24,W.P. Kuala Lumpur,21786
2021-09-24,W.P. Labuan,1453
2021-09-24,W.P. Putrajaya,909
2021-09-25,Johor,37872
2021-09-25,Kedah,17058
2021-09-25,Kelantan,20199
2021-09-25,Melaka,15946
2021-09-25,Negeri Sembilan,3456
2021-09-25,Pahang,21972
2021-09-25,Perak,22503
2021-09-25,Perlis,1627
2021-09-25,Pulau Pinang,15415
2021-09-25,Sabah,33225
2021-09-25,Sarawak,19264
2021-09-25,Selangor,21731
2021-09-25,Terengganu,8576
2021-09-25,W.P. Kuala Lumpur,19519
2021-09-25,W.P. Labuan,778
2021-09-25,W.P. Putrajaya,0
2021-09-26,Johor,45927
2021-09-26,Kedah,36500
2021-09-26,Kelantan,25236
2021-09-26,Melaka,6688
2021-09-26,Negeri Sembilan,1134
2021-09-26,Pahang,18167
2021-09-26,Perak,22684
2021-09-26,Perlis,1538
2021-09-26,Pulau Pinang,16429
2021-09-26,Sabah,24831
2021-09-26,Sarawak,19996
2021-09-26,Selangor,18902
2021-09-26,Terengganu,10640
2021-09-26,W.P. Kuala Lumpur,20027
2021-09-26,W.P. Labuan,766
2021-09-26,W.P. Putrajaya,0
2021-09-27,Johor,48691
2021-09-27,Kedah,37469
2021-09-27,Kelantan,28639
2021-09-27,Melaka,11505
2021-09-27,Negeri Sembilan,12001
2021-09-27,Pahang,25020
2021-09-27,Perak,29796
2021-09-27,Perlis,2974
2021-09-27,Pulau Pinang,16818
2021-09-27,Sabah,27149
2021-09-27,Sarawak,15952
2021-09-27,Selangor,32272
2021-09-27,Terengganu,12009
2021-09-27,W.P. Kuala Lumpur,21717
2021-09-27,W.P. Labuan,356
2021-09-27,W.P. Putrajaya,967
2021-09-28,Johor,47181
2021-09-28,Kedah,40576
2021-09-28,Kelantan,29882
2021-09-28,Melaka,9123
2021-09-28,Negeri Sembilan,9658
2021-09-28,Pahang,27585
2021-09-28,Perak,28492
2021-09-28,Perlis,3083
2021-09-28,Pulau Pinang,23071
2021-09-28,Sabah,23996
2021-09-28,Sarawak,14721
2021-09-28,Selangor,32045
2021-09-28,Terengganu,13397
2021-09-28,W.P. Kuala Lumpur,25660
2021-09-28,W.P. Labuan,216
2021-09-28,W.P. Putrajaya,1036
2021-09-29,Johor,49175
2021-09-29,Kedah,36586
2021-09-29,Kelantan,28149
2021-09-29,Melaka,9978
2021-09-29,Negeri Sembilan,10856
2021-09-29,Pahang,28679
2021-09-29,Perak,30298
2021-09-29,Perlis,3458
2021-09-29,Pulau Pinang,23196
2021-09-29,Sabah,22430
2021-09-29,Sarawak,25533
2021-09-29,Selangor,31863
2021-09-29,Terengganu,14839
2021-09-29,W.P. Kuala Lumpur,22437
2021-09-29,W.P. Labuan,93
2021-09-29,W.P. Putrajaya,1091
2021-09-30,Johor,43596
2021-09-30,Kedah,35869
2021-09-30,Kelantan,26687
2021-09-30,Melaka,10066
2021-09-30,Negeri Sembilan,11307
2021-09-30,Pahang,27993
2021-09-30,Perak,35010
2021-09-30,Perlis,1819
2021-09-30,Pulau Pinang,26680
2021-09-30,Sabah,23176
2021-09-30,Sarawak,20396
2021-09-30,Selangor,29863
2021-09-30,Terengganu,13303
2021-09-30,W.P. Kuala Lumpur,22275
2021-09-30,W.P. Labuan,82
2021-09-30,W.P. Putrajaya,1041
2021-10-03,Johor,1641
2021-10-03,Kedah,2584
2021-10-03,Kelantan,798
2021-10-03,Melaka,894
2021-10-03,Negeri Sembilan,2360
2021-10-03,Pahang,1094
2021-10-03,Perak,1523
2021-10-03,Perlis,1086
2021-10-03,Pulau Pinang,2138
2021-10-03,Sabah,2895
2021-10-03,Sarawak,684
2021-10-03,Selangor,4875
2021-10-03,Terengganu,1820
2021-10-03,W.P. Kuala Lumpur,3807
2021-10-03,W.P. Labuan,126
2021-10-03,W.P. Putrajaya,396
2021-10-04,Johor,628
2021-10-04,Kedah,726
2021-10-04,Kelantan,0
2021-10-04,Melaka,207
2021-10-04,Negeri Sembilan,6
2021-10-04,Pahang,3194
2021-10-04,Perak,3507
2021-10-04,Perlis,282
2021-10-04,Pulau Pinang,2357
2021-10-04,Sabah,1065
2021-10-04,Sarawak,2516
2021-10-04,Selangor,1089
2021-10-04,Terengganu,0
2021-10-04,W.P. Kuala Lumpur,0
2021-10-04,W.P. Labuan,0
2021-10-04,W.P. Putrajaya,0
2021-10-05,Johor,7027
2021-10-05,Kedah,3272
2021-10-05,Kelantan,3352
2021-10-05,Melaka,2453
2021-10-05,Negeri Sembilan,3169
2021-10-05,Pahang,5286
2021-10-05,Perak,5483
2021-10-05,Perlis,1203
2021-10-05,Pulau Pinang,3148
2021-10-05,Sabah,2775
2021-10-05,Sarawak,5741
2021-10-05,Selangor,6168
2021-10-05,Terengganu,3034
2021-10-05,W.P. Kuala Lumpur,7536
2021-10-05,W.P. Labuan,771
2021-10-05,W.P. Putrajaya,997
2021-10-06,Johor,18892
2021-10-06,Kedah,9967
2021-10-06,Kelantan,10758
2021-10-06,Melaka,3016
2021-10-06,Negeri Sembilan,6186
2021-10-06,Pahang,7763
2021-10-06,Perak,10269
2021-10-06,Perlis,2655
2021-10-06,Pulau Pinang,10238
2021-10-06,Sabah,13752
2021-10-06,Sarawak,8119
2021-10-06,Selangor,27187
2021-10-06,Terengganu,3850
2021-10-06,W.P. Kuala Lumpur,25823
2021-10-06,W.P. Labuan,634
2021-10-06,W.P. Putrajaya,1646
2021-10-07,Johor,26091
2021-10-07,Kedah,4677
2021-10-07,Kelantan,1218
2021-10-07,Melaka,8791
2021-10-07,Negeri Sembilan,20718
2021-10-07,Pahang,6136
2021-10-07,Perak,24104
2021-10-07,Perlis,2608
2021-10-07,Pulau Pinang,11967
2021-10-07,Sabah,16230
2021-10-07,Sarawak,67070
2021-10-07,Selangor,79187
2021-10-07,Terengganu,12668
2021-10-07,W.P. Kuala Lumpur,47594
2021-10-07,W.P. Labuan,2524
2021-10-07,W.P. Putrajaya,2216
2021-10-08,Johor,50829
2021-10-08,Kedah,17204
2021-10-08,Kelantan,2284
2021-10-08,Melaka,5998
2021-10-08,Negeri Sembilan,10565
2021-10-08,Pahang,6776
2021-10-08,Perak,14741
2021-10-08,Perlis,769
2021-10-08,Pulau Pinang,20753
2021-10-08,Sabah,40712
2021-10-08,Sarawak,15160
2021-10-08,Selangor,110984
2021-10-08,Terengganu,15160
2021-10-08,W.P. Kuala Lumpur,54448
2021-10-08,W.P. Labuan,14
2021-10-08,W.P. Putrajaya,2853
2021-10-09,Johor,47458
2021-10-09,Kedah,17826
2021-10-09,Kelantan,4112
2021-10-09,Melaka,12371
2021-10-09,Negeri Sembilan,11785
2021-10-09,Pahang,21114
2021-10-09,Perak,30745
2021-10-09,Perlis,1492
2021-10-09,Pulau Pinang,27504
2021-10-09,Sabah,31854
2021-10-09,Sarawak,22516
2021-10-09,Selangor,28361
2021-10-09,Terengganu,3238
2021-10-09,W.P. Kuala Lumpur,29041
2021-10-09,W.P. Labuan,95
2021-10-09,W.P. Putrajaya,549
2021-11-03,Johor,2103
2021-11-03,Kedah,1643
2021-11-03,Kelantan,356
2021-11-03,Melaka,869
2021-11-03,Negeri Sembilan,60
2021-11-03,Pahang,1880
2021-11-03,Perak,3716
2021-11-03,Perlis,765
2021-11-03,Pulau Pinang,2875
2021-11-03,Sabah,1950
2021-11-03,Sarawak,18
2021-11-03,Selangor,5086
2021-11-03,Terengganu,0
2021-11-03,W.P. Kuala Lumpur,4755
2021-11-03,W.P. Labuan,2
2021-11-03,W.P. Putrajaya,397
2021-11-04,Johor,2663
2021-11-04,Kedah,3402
2021-11-04,Kelantan,1715
2021-11-04,Melaka,0
2021-11-04,Negeri Sembilan,0
2021-11-04,Pahang,3710
2021-11-04,Perak,2051
2021-11-04,Perlis,0
2021-11-04,Pulau Pinang,1813
2021-11-04,Sabah,275
2021-11-04,Sarawak,3776
2021-11-04,Selangor,1125
2021-11-04,Terengganu,2620
2021-11-04,W.P. Kuala Lumpur,0
2021-11-04,W.P. Labuan,0
2021-11-04,W.P. Putrajaya,0
2021-11-05,Johor,2286
2021-11-05,Kedah,1847
2021-11-05,Kelantan,2805
2021-11-05,Melaka,1562
2021-11-05,Negeri Sembilan,3837
2021-11-05,Pahang,4974
2021-11-05,Perak,5138
2021-11-05,Perlis,968
2021-11-05,Pulau Pinang,3138
2021-11-05,Sabah,3175
2021-11-05,Sarawak,3189
2021-11-05,Selangor,5906
2021-11-05,Terengganu,2392
2021-11-05,W.P. Kuala Lumpur,6015
2021-11-05,W.P. Labuan,889
2021-11-05,W.P. Putrajaya,739
2021-11-06,Johor,5902
2021-11-06,Kedah,2294
2021-11-06,Kelantan,557
2021-11-06,Melaka,2870
2021-11-06,Negeri Sembilan,4893
2021-11-06,Pahang,6009
2021-11-06,Perak,11550
2021-11-06,Perlis,1488
2021-11-06,Pulau Pinang,10093
2021-11-06,Sabah,13713
2021-11-06,Sarawak,12545
2021-11-06,Selangor,25510
2021-11-06,Terengganu,182
2021-11-06,W.P. Kuala Lumpur,26655
2021-11-06,W.P. Labuan,479
2021-11-06,W.P. Putrajaya,1563
2021-11-07,Johor,19265
2021-11-07,Kedah,8069
2021-11-07,Kelantan,11309
2021-11-07,Melaka,30
2021-11-07,Negeri Sembilan,18433
2021-11-07,Pahang,6128
2021-11-07,Perak,19312
2021-11-07,Perlis,2625
2021-11-07,Pulau Pinang,10792
2021-11-07,Sabah,13840
2021-11-07,Sarawak,58994
2021-11-07,Selangor,64602
2021-11-07,Terengganu,9709
2021-11-07,W.P. Kuala Lumpur,49277
2021-11-07,W.P. Labuan,2274
2021-11-07,W.P. Putrajaya,2238
2021-11-08,Johor,61644
2021-11-08,Kedah,33415
2021-11-08,Kelantan,21512
2021-11-08,Melaka,12478
2021-11-08,Negeri Sembilan,20474
2021-11-08,Pahang,20153
2021-11-08,Perak,36966
2021-11-08,Perlis,4018
2021-11-08,Pulau Pinang,30200
2021-11-08,Sabah,51961
2021-11-08,Sarawak,20583
2021-11-08,Selangor,114225
2021-11-08,Terengganu,21436
2021-11-08,W.P. Kuala Lumpur,57426
2021-11-08,W.P. Labuan,693
2021-11-08,W.P. Putrajaya,2028
2021-11-09,Johor,42688
2021-11-09,Kedah,19696
2021-11-09,Kelantan,3865
2021-11-09,Melaka,11002
2021-11-09,Negeri Sembilan,4820
2021-11-09,Pahang,21882
2021-11-09,Perak,24120
2021-11-09,Perlis,1394
2021-11-09,Pulau Pinang,20062
2021-11-09,Sabah,28219
2021-11-09,Sarawak,22027
2021-11-09,Selangor,23712
2021-11-09,Terengganu,7665
2021-11-09,W.P. Kuala Lumpur,27802
2021-11-09,W.P. Labuan,1206
2021-11-09,W.P. Putrajaya,0
2021-12-03,Johor,720
2021-12-03,Kedah,714
2021-12-03,Kelantan,0
2021-12-03,Melaka,607
2021-12-03,Negeri Sembilan,1403
2021-12-03,Pahang,2534
2021-12-03,Perak,7317
2021-12-03,Perlis,585
2021-12-03,Pulau Pinang,2854
2021-12-03,Sabah,1430
2021-12-03,Sarawak,894
2021-12-03,Selangor,3751
2021-12-03,Terengganu,0
2021-12-03,W.P. Kuala Lumpur,3136
2021-12-03,W.P. Labuan,6
2021-12-03,W.P. Putrajaya,92
2021-12-04,Johor,5028
2021-12-04,Kedah,4929
2021-12-04,Kelantan,2370
2021-12-04,Melaka,759
2021-12-04,Negeri Sembilan,867
2021-12-04,Pahang,1882
2021-12-04,Perak,3301
2021-12-04,Perlis,1165
2021-12-04,Pulau Pinang,1564
2021-12-04,Sabah,931
2021-12-04,Sarawak,2198
2021-12-04,Selangor,5151
2021-12-04,Terengganu,2711
2021-12-04,W.P. Kuala Lumpur,6142
2021-12-04,W.P. Labuan,0
2021-12-04,W.P. Putrajaya,223
2021-12-05,Johor,146
2021-12-05,Kedah,410
2021-12-05,Kelantan,128
2021-12-05,Melaka,595
2021-12-05,Negeri Sembilan,647
2021-12-05,Pahang,2357
2021-12-05,Perak,36
2021-12-05,Perlis,45
2021-12-05,Pulau Pinang,1939
2021-12-05,Sabah,2398
2021-12-05,Sarawak,370
2021-12-05,Selangor,3251
2021-12-05,Terengganu,933
2021-12-05,W.P. Kuala Lumpur,3619
2021-12-05,W.P. Labuan,960
2021-12-05,W.P. Putrajaya,282
2021-12-06,Johor,18718
2021-12-06,Kedah,1891
2021-12-06,Kelantan,156
2021-12-06,Melaka,2537
2021-12-06,Negeri Sembilan,1268
2021-12-06,Pahang,5625
2021-12-06,Perak,9408
2021-12-06,Perlis,0
2021-12-06,Pulau Pinang,6088
2021-12-06,Sabah,14023
2021-12-06,Sarawak,34313
2021-12-06,Selangor,17132
2021-12-06,Terengganu,1899
2021-12-06,W.P. Kuala Lumpur,23341
2021-12-06,W.P. Labuan,484
2021-12-06,W.P. Putrajaya,0
2021-12-07,Johor,21911
2021-12-07,Kedah,16736
2021-12-07,Kelantan,14494
2021-12-07,Melaka,10413
2021-12-07,Negeri Sembilan,20612
2021-12-07,Pahang,12772
2021-12-07,Perak,24970
2021-12-07,Perlis,2802
2021-12-07,Pulau Pinang,17860
2021-12-07,Sabah,16524
2021-12-07,Sarawak,87239
2021-12-07,Selangor,99601
2021-12-07,Terengganu,12122
2021-12-07,W.P. Kuala Lumpur,68333
2021-12-07,W.P. Labuan,2908
2021-12-07,W.P. Putrajaya,2778
2021-12-08,Johor,68319
2021-12-08,Kedah,34345
2021-12-08,Kelantan,24825
2021-12-08,Melaka,13740
2021-12-08,Negeri Sembilan,21995
2021-12-08,Pahang,22961
2021-12-08,Perak,40454
2021-12-08,Perlis,3519
2021-12-08,Pulau Pinang,35743
2021-12-08,Sabah,54311
2021-12-08,Sarawak,13911
2021-12-08,Selangor,120023
2021-12-08,Terengganu,21692
2021-12-08,W.P. Kuala Lumpur,60986
2021-12-08,W.P. Labuan,506
2021-12-08,W.P. Putrajaya,2757
2021-12-09,Johor,42962
2021-12-09,Kedah,18705
2021-12-09,Kelantan,7482
2021-12-09,Melaka,2573
2021-12-09,Negeri Sembilan,4771
2021-12-09,Pahang,15379
2021-12-09,Perak,18564
2021-12-09,Perlis,1106
2021-12-09,Pulau Pinang,14976
2021-12-09,Sabah,26216
2021-12-09,Sarawak,14443
2021-12-09,Selangor,21291
2021-12-09,Terengganu,14403
2021-12-09,W.P. Kuala Lumpur,23622
2021-12-09,W.P. Labuan,983
2021-12-09,W.P. Putrajaya,0
